-- phpMyAdmin SQL Dump
-- version 4.7.7
-- https://www.phpmyadmin.net/
--
-- Host: localhost:3306
-- Generation Time: 28-Set-2018 às 08:10
-- Versão do servidor: 5.6.39-cll-lve
-- PHP Version: 5.6.30

SET SQL_MODE = "NO_AUTO_VALUE_ON_ZERO";
SET AUTOCOMMIT = 0;
START TRANSACTION;
SET time_zone = "+00:00";


/*!40101 SET @OLD_CHARACTER_SET_CLIENT=@@CHARACTER_SET_CLIENT */;
/*!40101 SET @OLD_CHARACTER_SET_RESULTS=@@CHARACTER_SET_RESULTS */;
/*!40101 SET @OLD_COLLATION_CONNECTION=@@COLLATION_CONNECTION */;
/*!40101 SET NAMES utf8mb4 */;

--
-- Database: `destinoSustentavel`
--
CREATE DATABASE IF NOT EXISTS `destinoSustentavel` DEFAULT CHARACTER SET latin1 COLLATE latin1_swedish_ci;
USE `destinoSustentavel`;

-- --------------------------------------------------------

--
-- Estrutura da tabela `atividades`
--

DROP TABLE IF EXISTS `atividades`;
CREATE TABLE `atividades` (
  `idAtividade` int(11) NOT NULL,
  `usuarios_idUsuario` int(11) NOT NULL,
  `tipo_atividade` varchar(1) NOT NULL,
  `material` varchar(15) NOT NULL,
  `tipo_material` varchar(15) NOT NULL,
  `data_inicio` timestamp NOT NULL DEFAULT CURRENT_TIMESTAMP ON UPDATE CURRENT_TIMESTAMP,
  `status` varchar(1) NOT NULL,
  `quantidade` int(10) UNSIGNED NOT NULL,
  `data_termino` datetime DEFAULT NULL,
  `tipo_quantidade` varchar(2) NOT NULL,
  `usuario_atende` int(11) DEFAULT NULL,
  `descricao` varchar(512) DEFAULT NULL,
  `avaliacao` int(11) DEFAULT NULL,
  `avaliacao_atendente` int(11) DEFAULT NULL
) ENGINE=InnoDB DEFAULT CHARSET=utf8;

--
-- Extraindo dados da tabela `atividades`
--

INSERT INTO `atividades` (`idAtividade`, `usuarios_idUsuario`, `tipo_atividade`, `material`, `tipo_material`, `data_inicio`, `status`, `quantidade`, `data_termino`, `tipo_quantidade`, `usuario_atende`, `descricao`, `avaliacao`, `avaliacao_atendente`) VALUES
(87, 40, 'O', 'PA', 'folhasA4', '2017-06-12 12:29:55', '1', 500, '2017-07-12 23:59:59', 'mL', NULL, 'usado', NULL, NULL),
(88, 42, 'O', 'ME', 'latas', '2017-06-12 12:50:01', '1', 50, '2017-07-22 23:59:59', 'L', NULL, '', NULL, NULL),
(90, 45, 'O', 'ME', 'garrafa', '2017-10-10 16:37:03', '1', 4, '2017-06-18 23:59:59', 'Kg', NULL, 'bom', NULL, NULL),
(91, 46, 'O', 'PL', 'copos', '2017-06-12 14:02:59', '1', 10, '2017-07-12 23:59:59', 'Kg', NULL, 'Copos usados', NULL, NULL),
(94, 50, 'O', 'PA', 'cadernos', '2017-06-12 14:45:14', '1', 3, '2017-07-12 23:59:59', 'Kg', NULL, 'material em bem conservado', NULL, NULL),
(100, 56, 'O', 'PL', 'brinquedos', '2017-06-12 18:30:23', '1', 45432, '2017-07-13 23:59:59', 'Kg', NULL, 'Brinquedos diversos.', NULL, NULL),
(108, 65, 'O', 'PA', 'folhasA4', '2017-10-15 23:26:35', '2', 400, '2017-09-30 23:59:59', 'mL', 3, 'usado para trabalhos', NULL, NULL),
(111, 67, 'O', 'ME', 'pregos', '2017-06-13 14:17:40', '1', 666, '2017-07-13 23:59:59', 'L', NULL, 'em Ã³timo estado', NULL, NULL),
(112, 68, 'O', 'PL', 'garrafas', '2017-10-15 16:40:31', '3', 20, '2017-07-01 23:59:59', 'L', 6, 'PET ', NULL, NULL),
(113, 69, 'O', 'ME', 'latas', '2017-06-13 14:40:02', '1', 200000, '2017-07-13 23:59:59', 'Kg', NULL, 'metal pesado com areia dentro', NULL, NULL),
(114, 72, 'O', 'VI', 'garrafas', '2017-06-13 14:57:32', '1', 30, '2017-07-13 23:59:59', 'g', NULL, 'CACOS DE VIDROS', NULL, NULL),
(117, 75, 'O', 'PA', 'cartazes', '2017-10-15 16:42:50', '3', 30, '2017-07-03 23:59:59', 'rl', 6, 'velho para reciclagem', NULL, NULL),
(123, 81, 'O', 'PL', 'copos', '2017-06-13 17:07:32', '1', 100, '2017-07-13 23:59:59', 'Kg', NULL, 'plÃ¡stico', NULL, NULL),
(125, 83, 'O', 'PA', 'cadernos', '2017-06-13 18:43:39', '1', 10, '2017-07-13 23:59:59', 'Kg', NULL, 'Liso', NULL, NULL),
(126, 83, 'O', 'PA', 'cadernos', '2017-06-13 18:45:23', '1', 10, '2017-07-13 23:59:59', 'Kg', NULL, 'Liso', NULL, NULL),
(127, 84, 'O', 'PL', 'sacolas', '2017-06-13 19:08:19', '1', 1000, '2017-07-13 23:59:59', 'g', NULL, 'boa', NULL, NULL),
(129, 89, 'O', 'PL', 'garrafas', '2017-06-13 19:39:24', '1', 10, '2017-07-03 23:59:59', 'L', NULL, 'garrafas pet', NULL, NULL),
(146, 14, 'O', 'PL', 'garrafas', '2017-08-16 10:05:56', '1', 20, '2017-08-16 23:59:59', 'L', NULL, '', NULL, NULL),
(147, 14, 'O', 'PA', 'papelÃ£o', '2017-08-16 13:49:51', '1', 20, '2017-08-16 23:59:59', 'Kg', NULL, '', NULL, NULL),
(159, 10, 'O', 'VI', 'garrafas', '2017-09-04 02:19:16', '1', 11, '2017-09-04 23:59:59', 'un', NULL, '11 garrafas sendo\r\n2 de vinho\r\n1 de sidra\r\n1 de suco de uva grande\r\n1 de suco de uva pequeno e \r\n6 de azeite\r\na maioria estÃ¡ empoeirada de estar guardada \r\n\r\nretirada Cohab icoaraci', NULL, NULL),
(161, 19, 'O', 'PL', 'embalagens', '2017-09-26 18:04:57', '1', 100, '2017-09-26 23:59:59', 'un', NULL, 'Varias embalagens plÃ¡sticas: garrafa de vinagre, copo de iogurte, garrafa de amaciantes de roupa.', NULL, NULL),
(200, 110, 'P', 'EL', 'computador', '2017-10-11 13:45:03', '1', 10, '2017-11-10 23:59:59', 'un', NULL, 'OlÃ¡, trabalho com um projeto para reaproveitamento de computadores e qualquer componente eletrÃ´nico de informÃ¡tica, aÃºdio e vÃ­deo.\r\nAceito doaÃ§Ãµes e coleto na Cidade de Castanhal.\r\nGrato\r\nNey\r\n', NULL, NULL),
(201, 120, 'O', 'VI', 'garrafas', '2017-10-11 17:35:45', '1', 20, '2017-10-12 23:59:59', 'un', NULL, 'Garrafas de suco de uva e de caju.', NULL, NULL),
(202, 127, 'P', 'ME', 'latas', '2017-10-16 17:35:38', '1', 56, '2017-12-22 23:59:59', 'Kg', NULL, 'DescriÃ§Ã£o', NULL, NULL),
(203, 16, 'P', 'PL', ' garrafas ', '2017-10-19 16:51:01', '1', 10, '2018-01-17 23:59:59', 'un', NULL, 'Garrafas Pet, podem estar sujas ou limpas, mas de preferÃªncia limpas, e bem conservadas. Pode ser mais de 10 unidades.', NULL, NULL),
(204, 110, 'P', 'EL', 'monitor', '2017-10-20 22:02:30', '1', 10, '2017-11-19 23:59:59', 'un', NULL, 'Aceito doaÃ§Ãµes de monitores de Tubo,  LCD ou LED. \r\nPode ser com defeito ou funcionando.\r\n', NULL, NULL),
(205, 128, 'O', 'PL', 'garrafas', '2017-10-24 14:08:41', '1', 26, '2017-10-24 23:59:59', 'un', NULL, '', NULL, NULL),
(206, 110, 'P', 'EL', ' impressora ', '2017-10-31 17:02:56', '1', 1, '2018-01-29 23:59:59', 'un', NULL, 'Preciso de uma impressora HP jato de tinta (usada mesmo) para um desses modelos: \r\n-Deskjet: D4145, D4155, D4160, 5420v, 5440, 5440v ,5440xi, 5442, 5443\r\n-Photosmart: C3140, C3150, C3180, C4140, C4150, C4180, 7850\r\n-Printer/Scanner/Copier: 1507, 1510, 1510v, 1510xi\r\n', NULL, NULL),
(207, 110, 'P', 'EL', ' impressora ', '2018-03-15 22:23:36', '2', 1, '2018-02-24 23:59:59', 'un', 154, 'OlÃ¡ pessoal,\r\nPreciso de uma impressora HP jato de tinta (usada mesmo) de preferÃªncia de um desses modelos: \r\n-Deskjet: 710C/ 712/ 720/ 722/ 750/ 820/ 850/ 855/ 860/ 870/ 890/ 895/ 898/ 930/ 950/ 960/ 970/ 1000C/ 1100C/ 1120C/ 1150/ 1600C/ 990/ G55/ 5550/ 5650/ 1210/ 1350/ 2410/ 3650 \r\n-Multi: 7150/ 7350/ 7550/ 9650/ 450 CBI/ PSC 1315/ PSC 2510 \r\n-OfficeJet: 4255/ 5510 \r\n-PhotoSmart: 1115/ 1215/ 1315 \r\nMoro Em Castanhal. \r\nGrato Ney', NULL, NULL),
(208, 129, 'O', 'PL', 'utensilios', '2017-11-19 18:17:30', '1', 600, '2017-12-09 23:59:59', 'un', NULL, 'estamos fornecendo vassouras de garrafas pet, produzidas em nossa comunidade terapÃªutica para dependentes quÃ­micos RessurreiÃ§Ã£o, onde estamos dando oportunidade de gerar uma prÃ³pria renda aos internos no momento que terminarem o tratamento e iriam se inserir no mercado de trabalho. Valor de uma vassoura 8,00 R$, valor de uma dÃºzia 72,00 R$.', NULL, NULL),
(209, 129, 'P', 'PL', 'garrafas', '2017-11-19 18:19:47', '1', 5000, '2017-12-29 23:59:59', 'un', NULL, 'estamos procurando garrafas de pet de 2 litros ou 2,5 litros, para nosso trabalho junto a dependentes quÃ­micos em fase de tratamento e reinserÃ§Ã£o social.', NULL, NULL),
(210, 66, 'O', 'PL', 'garrafas', '2017-11-24 00:07:26', '1', 8, '2017-11-24 23:59:59', 'un', NULL, '', NULL, NULL),
(211, 137, 'P', 'PL', 'garrafas', '2017-12-11 03:29:28', '1', 5, '2018-01-10 23:59:59', 'un', NULL, 'Desejo 5 garrafas de coca cola para uso, desde jÃ¡ agradeÃ§o,\r\nDeus abenÃ§oe.', NULL, NULL),
(212, 3, 'P', 'VI', 'potes', '2018-08-03 13:48:13', '2', 3, '2018-08-15 23:59:59', 'un', 164, '', NULL, NULL),
(214, 167, 'O', 'PA', ' papelÃ£o ', '2018-09-03 12:52:59', '1', 200, '2018-09-23 23:59:59', 'un', NULL, '', NULL, NULL);

-- --------------------------------------------------------

--
-- Estrutura da tabela `avaliacoes`
--

DROP TABLE IF EXISTS `avaliacoes`;
CREATE TABLE `avaliacoes` (
  `idAvaliacao` int(11) NOT NULL,
  `avaliacao` int(11) NOT NULL DEFAULT '0',
  `data_hr` timestamp NOT NULL DEFAULT CURRENT_TIMESTAMP ON UPDATE CURRENT_TIMESTAMP,
  `usuarios_idUsuario` int(11) NOT NULL,
  `idAvaliado` int(11) NOT NULL
) ENGINE=MyISAM DEFAULT CHARSET=latin1;

--
-- Extraindo dados da tabela `avaliacoes`
--

INSERT INTO `avaliacoes` (`idAvaliacao`, `avaliacao`, `data_hr`, `usuarios_idUsuario`, `idAvaliado`) VALUES
(1, 5, '2017-10-16 00:31:53', 3, 6);

-- --------------------------------------------------------

--
-- Estrutura da tabela `comunidades`
--

DROP TABLE IF EXISTS `comunidades`;
CREATE TABLE `comunidades` (
  `idComunidade` int(11) NOT NULL,
  `nome_comunidade` varchar(50) NOT NULL,
  `quant_membros` int(11) NOT NULL,
  `data_criacao` timestamp NOT NULL DEFAULT CURRENT_TIMESTAMP ON UPDATE CURRENT_TIMESTAMP,
  `status_comunidade` varchar(7) NOT NULL,
  `tipo_comunidade` varchar(15) DEFAULT NULL,
  `descricao_comunidade` text,
  `moderador` int(11) NOT NULL
) ENGINE=InnoDB DEFAULT CHARSET=utf8;

-- --------------------------------------------------------

--
-- Estrutura da tabela `conversa`
--

DROP TABLE IF EXISTS `conversa`;
CREATE TABLE `conversa` (
  `idConversa` int(11) NOT NULL,
  `idUsuario1` int(11) NOT NULL,
  `idUsuario2` int(11) NOT NULL,
  `Data_hora` timestamp NOT NULL DEFAULT CURRENT_TIMESTAMP ON UPDATE CURRENT_TIMESTAMP
) ENGINE=InnoDB DEFAULT CHARSET=latin1;

--
-- Extraindo dados da tabela `conversa`
--

INSERT INTO `conversa` (`idConversa`, `idUsuario1`, `idUsuario2`, `Data_hora`) VALUES
(17, 6, 3, '2017-10-16 14:14:43'),
(18, 40, 6, '2017-10-15 17:31:00'),
(20, 42, 6, '2017-10-15 17:31:00'),
(21, 44, 6, '2017-10-15 17:31:00'),
(22, 45, 6, '2017-10-15 17:31:00'),
(23, 46, 6, '2017-10-15 17:31:00'),
(24, 48, 6, '2017-10-15 17:31:00'),
(25, 49, 6, '2017-10-15 17:31:00'),
(26, 50, 6, '2017-10-15 17:31:00'),
(27, 51, 6, '2017-10-15 17:31:00'),
(28, 52, 6, '2017-10-15 17:31:00'),
(29, 54, 6, '2017-10-15 17:31:00'),
(30, 55, 6, '2017-10-15 17:31:00'),
(31, 56, 6, '2017-10-15 17:31:00'),
(32, 57, 6, '2017-10-15 17:31:00'),
(33, 59, 6, '2017-10-15 17:31:00'),
(34, 60, 6, '2017-10-15 17:31:00'),
(35, 61, 6, '2017-10-15 17:31:00'),
(36, 62, 6, '2017-10-15 17:31:00'),
(37, 63, 6, '2017-10-15 17:31:00'),
(38, 64, 6, '2017-10-15 17:31:00'),
(39, 65, 6, '2017-10-15 17:31:00'),
(40, 66, 6, '2017-10-15 17:31:00'),
(41, 67, 6, '2017-10-15 17:31:00'),
(42, 68, 6, '2017-10-15 17:31:00'),
(43, 69, 69, '2017-10-14 01:18:03'),
(44, 68, 69, '2017-10-14 01:18:03'),
(45, 72, 6, '2017-10-15 17:31:00'),
(46, 74, 6, '2017-10-15 17:31:00'),
(47, 74, 73, '2017-10-14 01:18:03'),
(48, 75, 6, '2017-10-15 17:31:00'),
(49, 76, 6, '2017-10-15 17:31:00'),
(50, 77, 69, '2017-10-14 01:18:03'),
(51, 79, 6, '2017-10-15 17:31:00'),
(52, 78, 6, '2017-10-15 17:31:00'),
(53, 6, 77, '2017-10-15 17:44:41'),
(54, 81, 6, '2017-10-15 17:31:00'),
(55, 82, 81, '2017-10-14 01:18:03'),
(56, 82, 6, '2017-10-15 17:31:00'),
(57, 84, 6, '2017-10-15 17:31:00'),
(58, 88, 6, '2017-10-15 17:31:00'),
(59, 89, 6, '2017-10-15 17:31:00'),
(60, 90, 6, '2017-10-15 17:31:00'),
(61, 91, 6, '2017-10-15 17:31:00'),
(62, 92, 6, '2017-10-16 20:03:45'),
(63, 93, 6, '2017-10-15 17:31:00'),
(64, 95, 94, '2017-10-14 01:18:03'),
(65, 96, 95, '2017-10-14 01:18:03'),
(66, 97, 95, '2017-10-14 01:18:03'),
(67, 98, 6, '2017-10-15 17:31:00'),
(68, 100, 6, '2017-10-15 17:31:00'),
(69, 103, 93, '2017-10-14 01:18:03'),
(70, 104, 6, '2017-10-15 17:31:00'),
(71, 106, 3, '2017-10-15 17:45:18'),
(72, 106, 81, '2017-10-14 01:18:03'),
(73, 3, 107, '2017-10-15 17:45:18'),
(74, 3, 108, '2017-10-15 17:45:18'),
(75, 114, 3, '2017-11-08 14:03:56'),
(76, 3, 16, '2017-10-15 23:26:12'),
(77, 124, 120, '2017-10-16 17:11:56'),
(78, 126, 120, '2017-10-16 17:15:17'),
(79, 129, 128, '2017-11-19 17:30:57'),
(80, 110, 123, '2017-12-31 00:21:32'),
(81, 114, 18, '2018-06-03 15:43:11'),
(82, 114, 6, '2018-06-03 19:28:12'),
(83, 156, 156, '2018-06-06 19:01:22'),
(84, 137, 137, '2018-06-12 00:36:16'),
(85, 137, 3, '2018-07-27 19:12:30'),
(86, 164, 3, '2018-08-03 13:47:23');

-- --------------------------------------------------------

--
-- Estrutura da tabela `correio`
--

DROP TABLE IF EXISTS `correio`;
CREATE TABLE `correio` (
  `Mensagens_idMensagem` int(11) NOT NULL,
  `Usuarios_idUsuario` int(11) NOT NULL
) ENGINE=InnoDB DEFAULT CHARSET=utf8;

--
-- Extraindo dados da tabela `correio`
--

INSERT INTO `correio` (`Mensagens_idMensagem`, `Usuarios_idUsuario`) VALUES
(1, 3),
(1, 5),
(2, 5),
(2, 3),
(3, 10),
(3, 5),
(4, 3),
(4, 10),
(5, 3),
(5, 10),
(6, 7),
(6, 3),
(43, 3),
(43, 6),
(44, 3),
(44, 6),
(45, 3),
(45, 6),
(46, 3),
(46, 6),
(47, 3),
(47, 6),
(48, 3),
(48, 7),
(50, 3),
(50, 7),
(52, 3),
(52, 10),
(59, 5),
(59, 3),
(98, 35),
(98, 5),
(106, 22),
(106, 5),
(108, 35),
(108, 3),
(109, 35),
(109, 5),
(151, 39),
(151, 35),
(152, 39),
(152, 5),
(167, 6),
(167, 3),
(186, 40),
(186, 6),
(193, 40),
(193, 3),
(194, 42),
(194, 6),
(195, 44),
(195, 6),
(196, 45),
(196, 6),
(198, 46),
(198, 6),
(200, 48),
(200, 6),
(202, 49),
(202, 6),
(204, 50),
(204, 6),
(205, 51),
(205, 6),
(210, 52),
(210, 6),
(215, 54),
(215, 6),
(216, 55),
(216, 6),
(219, 56),
(219, 6),
(230, 57),
(230, 6),
(231, 59),
(231, 6),
(234, 60),
(234, 6),
(238, 61),
(238, 6),
(239, 62),
(239, 6),
(240, 63),
(240, 6),
(245, 64),
(245, 6),
(249, 65),
(249, 6),
(250, 66),
(250, 6),
(251, 67),
(251, 6),
(252, 68),
(252, 6),
(253, 69),
(253, 69),
(255, 68),
(255, 69),
(276, 72),
(276, 6),
(277, 74),
(277, 6),
(279, 74),
(279, 73),
(287, 75),
(287, 6),
(288, 76),
(288, 6),
(289, 77),
(289, 69),
(290, 79),
(290, 6),
(291, 78),
(291, 6),
(293, 6),
(293, 77),
(295, 81),
(295, 6),
(297, 82),
(297, 81),
(298, 82),
(298, 6),
(299, 84),
(299, 6),
(300, 88),
(300, 6),
(301, 89),
(301, 6),
(302, 90),
(302, 6),
(303, 91),
(303, 6),
(304, 92),
(304, 6),
(306, 93),
(306, 6),
(309, 95),
(309, 94),
(310, 96),
(310, 95),
(311, 97),
(311, 95),
(312, 98),
(312, 6),
(313, 100),
(313, 6),
(315, 103),
(315, 93),
(317, 104),
(317, 6),
(319, 106),
(319, 3),
(321, 106),
(321, 81),
(322, 3),
(322, 107),
(324, 3),
(324, 108),
(1, 3),
(1, 5),
(2, 5),
(2, 3),
(3, 10),
(3, 5),
(4, 3),
(4, 10),
(5, 3),
(5, 10),
(6, 7),
(6, 3),
(43, 3),
(43, 6),
(44, 3),
(44, 6),
(45, 3),
(45, 6),
(46, 3),
(46, 6),
(47, 3),
(47, 6),
(48, 3),
(48, 7),
(50, 3),
(50, 7),
(52, 3),
(52, 10),
(59, 5),
(59, 3),
(98, 35),
(98, 5),
(106, 22),
(106, 5),
(108, 35),
(108, 3),
(109, 35),
(109, 5),
(151, 39),
(151, 35),
(152, 39),
(152, 5),
(167, 6),
(167, 3),
(186, 40),
(186, 6),
(193, 40),
(193, 3),
(194, 42),
(194, 6),
(195, 44),
(195, 6),
(196, 45),
(196, 6),
(198, 46),
(198, 6),
(200, 48),
(200, 6),
(202, 49),
(202, 6),
(204, 50),
(204, 6),
(205, 51),
(205, 6),
(210, 52),
(210, 6),
(215, 54),
(215, 6),
(216, 55),
(216, 6),
(219, 56),
(219, 6),
(230, 57),
(230, 6),
(231, 59),
(231, 6),
(234, 60),
(234, 6),
(238, 61),
(238, 6),
(239, 62),
(239, 6),
(240, 63),
(240, 6),
(245, 64),
(245, 6),
(249, 65),
(249, 6),
(250, 66),
(250, 6),
(251, 67),
(251, 6),
(252, 68),
(252, 6),
(253, 69),
(253, 69),
(255, 68),
(255, 69),
(276, 72),
(276, 6),
(277, 74),
(277, 6),
(279, 74),
(279, 73),
(287, 75),
(287, 6),
(288, 76),
(288, 6),
(289, 77),
(289, 69),
(290, 79),
(290, 6),
(291, 78),
(291, 6),
(293, 6),
(293, 77),
(295, 81),
(295, 6),
(297, 82),
(297, 81),
(298, 82),
(298, 6),
(299, 84),
(299, 6),
(300, 88),
(300, 6),
(301, 89),
(301, 6),
(302, 90),
(302, 6),
(303, 91),
(303, 6),
(304, 92),
(304, 6),
(306, 93),
(306, 6),
(309, 95),
(309, 94),
(310, 96),
(310, 95),
(311, 97),
(311, 95),
(312, 98),
(312, 6),
(313, 100),
(313, 6),
(315, 103),
(315, 93),
(317, 104),
(317, 6),
(319, 106),
(319, 3),
(321, 106),
(321, 81),
(322, 3),
(322, 107),
(324, 3),
(324, 108);

-- --------------------------------------------------------

--
-- Estrutura da tabela `endereco`
--

DROP TABLE IF EXISTS `endereco`;
CREATE TABLE `endereco` (
  `idEndereco` int(11) NOT NULL,
  `usuarios_idUsuario` int(11) NOT NULL,
  `UF` varchar(2) NOT NULL,
  `cidade` varchar(30) NOT NULL,
  `logradouro` varchar(100) NOT NULL,
  `cep` varchar(9) NOT NULL,
  `bairro` varchar(30) NOT NULL,
  `complemento` varchar(200) DEFAULT NULL,
  `numero_casa` int(11) NOT NULL,
  `tipo_endereco` varchar(2) DEFAULT NULL,
  `lat` float(10,6) DEFAULT NULL,
  `lng` float(10,6) DEFAULT NULL
) ENGINE=InnoDB DEFAULT CHARSET=utf8;

--
-- Extraindo dados da tabela `endereco`
--

INSERT INTO `endereco` (`idEndereco`, `usuarios_idUsuario`, `UF`, `cidade`, `logradouro`, `cep`, `bairro`, `complemento`, `numero_casa`, `tipo_endereco`, `lat`, `lng`) VALUES
(3, 3, 'pa', 'Castanhal', 'Alameda Liliane de Souza', '68742', 'Estrela', 'Entre Uruguai e Venezuela', 2718, 'Re', 0.000000, 0.000000),
(4, 6, 'pa', 'SÃ£o Francisco do ParÃ¡', 'Travessa 94 Km 01- Sul', '68748', 'Zona Rural', '', 586, 'Re', 0.000000, 0.000000),
(28, 41, 'pa', 'castanhal', 'comandante assis', '68742', 'centro', '', 2041, 'Re', NULL, NULL),
(29, 42, 'pa', 'BELÃ‰M', 'r. netuno ', '66635', 'Parque Verde', '', 117, 'Re', NULL, NULL),
(30, 44, 'pa', 'Castanhal', 'Rua: JoÃ£o Ferreira Cabral', '68742', 'JaderlÃ¢ndia', '', 29, 'Re', NULL, NULL),
(31, 45, 'pa', 'CASTANHAL', 'AL SAMAMBAIA', '68740', 'SÃƒO JOSÃ‰', 'PEIXARIA DO IRMÃƒO', 66, 'Re', NULL, NULL),
(32, 47, 'pa', 'Terra Alta', 'Rua: JoÃ£o HilÃ¡rio Evangelista', '68773', 'Centro', '', 56, 'Re', NULL, NULL),
(33, 48, 'pa', 'Castanhal', 'rua1', '68742', 'fonte boa', 'PrÃ³x. ao batata', 1005, 'Re', NULL, NULL),
(34, 49, 'pa', 'Castanhal', 'Alameda Liliane Souza', '68742', 'Novo Estrela', '', 2746, 'Re', NULL, NULL),
(35, 50, 'pa', 'Castanhal', 'Rua Maria Benedita', '68742', 'Nova Olinda', '', 4, 'Re', NULL, NULL),
(36, 51, 'pa', 'Castanhal', 'Rua Marechal Deodoro', '68740', 'Ianetama', 'Residencial Por do Sol', 892, 'Re', NULL, NULL),
(37, 52, 'pa', 'Castanhal', 'Rua: Alameda curuÃ§a', '68742', 'CaiÃ§ara', 'Drogaria pop', 305, 'Re', NULL, NULL),
(38, 53, 'pa', 'castanhal', 'Rua Senador Lemos', '68745', 'Ianetama', '', 1865, 'Re', NULL, NULL),
(39, 54, 'pa', 'BELÃ‰M', 'Passagem Dalva', '66623', 'Marambaia', 'Final da linha do Ã´nibus Maramabaia Ver-O-Peso', 1084, 'Re', NULL, NULL),
(40, 55, 'pa', 'Castanhal', 'Rua Narumi Kataoka', '68740', 'Fonte Boa', 'PrÃ³ximo ao conj. IpÃª', 966, 'Re', NULL, NULL),
(41, 56, 'pa', 'castanhal', 'Tv. Alfredo Alves Rodrigues', '68742', 'JaderlÃ¢ndia', '', 24, 'Re', NULL, NULL),
(42, 57, 'pa', 'Castanhal', 'Alameda Padre CÃ­cero', '68743', 'CaiÃ§ara', 'Conjunto Caetano Souza', 23, 'Re', NULL, NULL),
(43, 58, 'pa', 'castanhal', 'Tv Primeiro de maio', '68743', 'estrela', 'casa 5', 3676, 'Re', NULL, NULL),
(44, 59, 'pa', 'Castanhal', 'ufpa', '68750', 'JaderlÃ¢ndia', 'PrÃ³ximo ao condomÃ­nio campo belo', 1, 'Re', NULL, NULL),
(45, 60, 'pa', 'Castanhal', 'TV Francisco Pereira Vinagre', '68744', 'Imperador', 'Proximo a UEPA', 132, 'Re', NULL, NULL),
(46, 61, '', 'castanhal', 'Passagem textil', '68744', 'i', 'Proximo a CTC', 501, 'Re', NULL, NULL),
(47, 62, 'pa', 'Castanhal', 'Alameda Mogno, parque dos Buritis.', '68740', 'novo estrela', '', 54, 'Re', NULL, NULL),
(48, 63, 'pa', 'Castanhal', 'Rua HonÃ³rio bandeira ', '68745', 'Milagre', 'Casa da frente', 223, 'Re', NULL, NULL),
(49, 64, 'pa', 'Castanhal', 'TRAVESSA VASCO DA GAMA, QD J, CONJ. NOVO HORIZONTE', '68746', 'JADERLÃ‚NDIA III', '', 26, 'Re', NULL, NULL),
(50, 65, 'pa', 'Castanhal', 'avenida HÃ©lio Leite', '68742', 'jardim das acÃ¡cias', '', 113, 'Re', NULL, NULL),
(51, 66, 'pa', 'castanhal', 'travessa josÃ© Augusto', '68741', 'jaderlandia', '', 58, 'Re', NULL, NULL),
(52, 67, 'pa', 'SÃ£o Francisco do ParÃ¡', 'Travessa Padre Severiano Santos', '68748', 'Anaisse', 'Em frente a torre', 741, 'Re', NULL, NULL),
(53, 68, 'pa', 'Capanema', 'rua Amilton Lopes Ishida', '68700', 'Campinho', 'AtrÃ¡s da UFRA', 72, 'Re', NULL, NULL),
(54, 69, 'pa', 'santa isabel', 'rua ana frida holanda', '68790', 'jardim das acacias', '', 1092, 'Re', NULL, NULL),
(55, 70, 'pa', 'santa isabel', 'rua ana frida holanda', '68790', 'jardim das acacias', '', 1092, 'Re', NULL, NULL),
(56, 71, 'pa', 'BELÃ‰M', 'Rua  Benfica', '66620', 'Marambaia', 'Conj MÃ©dici 2', 34, 'Re', NULL, NULL),
(57, 72, 'pa', 'SÃ£o Francisco do ParÃ¡', 'AVENIDA CELSO MACHADO', '68748', 'NOVO', 'EM FRENTE A MALIBU', 129, 'Re', NULL, NULL),
(58, 73, 'pa', 'castanhal', 'TV. SÃ£o Pedro', '68740', 'Novo Estrela', 'AtrÃ¡s da Distribuidora Dismelo', 1, 'Re', NULL, NULL),
(59, 74, 'pa', 'Castanhal', 'Travessa Itamaraty', '68748', 'Centro', '', 89, 'Re', NULL, NULL),
(60, 75, 'pa', 'Castanhal', 'Posto de SaÃºde', '68740', 'ApeÃº', 'Posto de SaÃºde', 17, 'Re', NULL, NULL),
(61, 76, 'pa', 'igarape-aÃ§u', 'proximo a igreja sao francisco', '68725', 'terra firme', 'zona rural', 72, 'Re', NULL, NULL),
(62, 77, 'pa', 'casatanhal ', 'alameda silvio ramaho filho ', '68744', 'sÃ£o jose', '', 17, 'Re', NULL, NULL),
(63, 78, 'pa', 'castanhal', 'alameda capanema', '68743', 'caiÃ§ara', 'prox dailson lanches', 1002, 'Re', NULL, NULL),
(64, 80, 'pa', 'Santa Izabel', 'Rua SN 7 Conjunto Jardim das GarÃ§as ', '68790', 'Aratanha', '', 14, 'Re', NULL, NULL),
(65, 81, 'pa', 'Castanhal', 'Alameda Tiradentes', '68740', 'Pirapora', '', 208, 'Re', NULL, NULL),
(66, 82, 'pa', 'castanhal', 'travessa sÃ£o jose', '68744', 'sao jose', '', 392, 'Re', NULL, NULL),
(67, 83, 'pa', 'Castanhal', 'Rua Alcides MourÃ£o', '68741', 'Saudade I', '', 12, 'Re', NULL, NULL),
(68, 87, 'pa', 'castanhal', 'Rua Alcides MourÃ£o', '68740', 'saudade II', '', 12, 'Re', NULL, NULL),
(69, 88, 'pa', 'BELÃ‰M', 'Teste', '66615', 'Teste', 'Teste', 123, 'Re', NULL, NULL),
(70, 89, 'pa', 'Castanhal', 'alameda TIRADENTES', '68740', 'saudade II', 'CASA', 45, 'Re', NULL, NULL),
(71, 90, 'pa', 'Castanhal', 'Rua: Marechal Deodoro', '68741', 'Santa Catarina', '', 1289, 'Re', NULL, NULL),
(72, 91, 'pa', 'Castanhal', 'Rua Fortaleza', '68744', 'Salgadinho', '', 255, 'Re', NULL, NULL),
(73, 92, 'pa', 'SÃ£o Francisco do ParÃ¡', 'vila Modelo', '68748', 'rua principal', 'jgnkl', 127, 'Re', NULL, NULL),
(74, 93, 'pa', 'Castanhal', 'Rua Raimundo Nonato Vasconcelos', '68742', 'Cristo Redentor', 'rua lateral da expofac, prox Ã  UPA.', 160, 'Re', NULL, NULL),
(75, 94, 'pa', 'Castanhal', 'Travessa JoÃ£o Ferreira Cabral', '68748', 'JaderlÃ¢ndia', '', 26, 'Re', NULL, NULL),
(76, 95, 'pa', 'SÃ£o Francisco do ParÃ¡', 'AVENIDA CELSO MACHADO', '68748', 'Cristo Redentor', 'PrÃ³ximo Ã  casa da carne', 121, 'Re', NULL, NULL),
(77, 96, 'pa', 'Castanhal', 'Rua: Chico Bahia ', '68740', 'ApeÃº', '', 118, 'Re', NULL, NULL),
(78, 97, 'pa', 'Santa Isabel', 'Avenida Felipe de Paula - centro ', '68792', 'Americano', 'Casa', 1037, 'Re', NULL, NULL),
(79, 98, 'pb', 'Castanhal', 'Rua Dr Adailson da Silva Rodrigues', '68746', 'JaderlÃ¢ndia', 'Proximo ao CemitÃ©rio', 11, 'Re', NULL, NULL),
(80, 99, 'pa', 'Santo AntÃ´nio do TauÃ¡â€‹', 'Rua Presidente Vargas', '68786', 'Centro', 'PrÃ³ximo a delegacia', 224, 'Re', NULL, NULL),
(81, 102, 'pa', 'santa izabel do parÃ¡', 'rua santo antonio', '68790', 'sÃ£o raimundo', '', 1010, 'Re', NULL, NULL),
(82, 103, 'pa', 'CASTANHAL', 'RUA JOSÃ‰ R G LAGO', '68740', 'SÃƒO JOSÃ‰', '', 34, 'Re', NULL, NULL),
(83, 104, 'pa', 'BELÃ‰M', 'RUA DEZ DE MAIO PS. MANOEL PINHO', '67013', 'UNA', 'PROXIMO AO KALAMAZOO', 32, 'Re', NULL, NULL),
(84, 106, 'pa', 'Castanhal', 'Alameda Santa Clara', '68743', 'Novo Estrela', 'Esquina com a Travessa Paraguai', 2678, 'Re', NULL, NULL),
(85, 107, 'pa', 'BELÃ‰M', 'Tv 14 de Abril', '66063', 'SÃ£o BrÃ¡s', 'Apto 207', 1542, 'Re', NULL, NULL),
(86, 108, 'PA', 'BELÃ‰M', 'Rua Dr Silva Rosado ', '66070-510', 'SÃ£o BrÃ¡s', 'prÃ³x. ao terminal rodoviÃ¡rio', 220, 'Re', NULL, NULL),
(87, 1, 'pa', 'Castanhal  PA', 'CondomÃ­nio Alamandas - Rua Jasmim ', '68747', 'TitanlÃ¢ncia', '', 76, 'Re', NULL, NULL),
(88, 2, 'pa', 'Castanhal  PA', 'CondomÃ­nio Alamandas - Rua Jasmim ', '68747', 'TitanlÃ¢ncia', 'EM FRENTE A CLIPAN PANIFICADORA ', 76, 'Re', NULL, NULL),
(89, 3, 'ac', 'cidade', 'rua', '78676', 'bairro', 'complemento', 23, 'Re', NULL, NULL),
(90, 4, 'ac', 'cidade', 'logradouro', '54541', 'dncdncdj', 'complemento', 2938, 'Co', NULL, NULL),
(91, 5, 'pe', 'cidade', 'logradouro', '85485', 'djnfjdn', 'complemento', 878787, 'Co', NULL, NULL),
(92, 6, 'pa', 'njkdnfjskn', 'dfdsfnjn', '54156', 'dcfsdcfn', 'ijnionhi', 14541, 'Co', NULL, NULL),
(93, 7, 'pa', 'Castanhal ', 'Lauro SodrÃ© ', '68740', 'Milagre', 'PrÃ³ximo ao campo Santa LÃ­dia ', 960, 'Re', NULL, NULL),
(94, 8, 'pr', 'trjh', 'yty', '44444', 'gg', 'ty', 546, 'Re', NULL, NULL),
(95, 9, 'am', 'rgrg', 'rhgrth', '55555', 'fgfh', '', 444, 'Re', NULL, NULL),
(96, 10, 'pa', 'BELÃ‰M', 'TRAVESSA W6', '66813', 'CAMPINA DE ICOARACI', 'CONJUNTO DA COHAB', 201, 'Re', NULL, NULL),
(97, 14, 'pa', 'Barcarena', 'TV. Antonio Jacinto', '68447', 'Vila dos Cabanos', 'Quadra 318', 609, 'Re', NULL, NULL),
(98, 15, 'pa', 'ANANINDEUA', 'TRAVESSA WE 44-A', '67133', 'COQUEIRO', 'CONJUNTO CIDADE NOVA 8', 112, 'Re', NULL, NULL),
(99, 16, 'PA', 'Castanhal', 'Rua Alcides MourÃ£o', '68741-780', 'Saudade I', '', 12, 'Re', NULL, NULL),
(100, 17, 'PA', 'csdjsdks', 'dsadsad', '68742-859', 'djfdfsdkj', 'kldksfkld', 39, 'Re', NULL, NULL),
(101, 18, 'PA', 'SÃ£o Francisco', 'Avenida Parde InÃ¡cio MagalhÃ£es', '68748-000', 'Cristo Redentor', 'PrÃ³ximo ao CemitÃ©rio', 586, 'Re', NULL, NULL),
(102, 19, 'PA', 'BELÃ‰M', 'Passagem SÃ£o Vicente de Paula', '66113-240', 'Telegrafo', 'Entre Tv Luis Bentes e Rosa Moreira', 406, 'Re', NULL, NULL),
(103, 109, 'PA', 'BELÃ‰M', 'Passagem Santo AntÃ´nio', '66095-550', 'Marco', 'apto. 202', 72, 'Re', NULL, NULL),
(104, 110, 'PA', 'CASTANHAL', 'RUA COMANDANTE ASSIS, ', '68743-100', ' CAIÃ‡ARA', 'CASA', 2947, 'Re', NULL, NULL),
(105, 111, 'PA', 'BELÃ‰M', 'Rod. TapanÃ£', '66825-010', 'TapanÃ£', 'Residencial ItapuÃ£, Q#E ', 32, 'Re', NULL, NULL),
(106, 112, 'PA', 'Castanhal', 'Rua Alcides MourÃ£o', '68741-780', 'Saudade I', 'Posto Santa Rita', 12, 'Re', NULL, NULL),
(107, 113, 'PA', 'Castanhal', 'Rua Alcides MourÃ£o', '68741-780', 'Saudade I', 'Posto Santa Rita', 12, 'Co', NULL, NULL),
(108, 114, 'PA', 'Castanhal', 'Rua X', '68742-950', 'fonte boa', 'q. t', 4, 'Re', NULL, NULL),
(109, 115, 'PA', 'Castanhal', 'Rua Ivanilton da Silva', '68741-270', 'Saudade I', 'q. t', 4, 'Co', NULL, NULL),
(110, 116, 'PA', 'CASTANHAL', 'RUA DOM PEDRO II', '68744-120', 'SAO JOSE', '', 2252, 'Re', NULL, NULL),
(111, 117, 'PA', 'CASTANHAL', 'TV QUINTINO BOCAIUVA ', '68740-000', 'CARIRI', 'PROXIMO AO MERCADINHO DO PAULINHO', 230, 'Re', NULL, NULL),
(112, 118, 'PA', 'CASTANHAL', 'AL. PADRE CICERO', '68743-470', 'CaiÃ§ara', 'Conj. Caetano', 23, 'Re', NULL, NULL),
(113, 119, 'PA', 'Castanhal', 'Av', '68745-000', 'Centro', '', 112, 'Re', NULL, NULL),
(114, 120, 'PA', 'Castanhal', 'Al Liliane Souz', '68742-213', 'Novo Estrela', '', 2718, 'Re', NULL, NULL),
(115, 121, 'PA', 'Castanhal', 'Alameda Liliane de Souza', '68742-213', 'Estrela', 'Entre Uruguai e Venezuela', 2718, 'Re', NULL, NULL),
(116, 122, 'PA', 'Castanhal', 'Alameda Liliane de Souza', '51561-515', 'Estrela', 'Entre Uruguai e Venezuela', 2718, 'Re', NULL, NULL),
(117, 123, 'MG', 'Castanhal', 'Alameda Liliane de Souza', '6454-534', 'Estrela', 'Entre Uruguai e Venezuela', 2718, 'Re', NULL, NULL),
(118, 124, 'PA', 'BelÃ©m ', 'Canal sÃ£o joaquim', '00000-000', 'Maracangalha ', 'AssociaÃ§Ã£o ARAL', 0, 'Re', NULL, NULL),
(119, 125, 'PA', 'BelÃ©m ', 'A margem direita do canal sÃ£o Joaquim ', '00000-000', 'Maracangalha ', 'Rua da assemblÃ©ia ', 998020572, 'Re', NULL, NULL),
(120, 126, 'PA', 'BelÃ©m', 'A margem direita do SÃ£o Joaquim', '00000-000', 'Maracangalha', 'CompaÃ±ero', 0, 'Re', NULL, NULL),
(121, 127, 'PA', 'BelÃ©m', 'Canal SÃ£o Joaquim Margem direita', '66110-210', 'Maracangalha', '', 0, 'Co', NULL, NULL),
(122, 128, 'PA', 'Castanhal', 'Tv Pedro AraÃºjo espinheiro', '68744-200', 'SÃ£o JosÃ©', '', 910, 'Re', NULL, NULL),
(123, 129, 'PA', 'Castanhal', 'ramal boa vista, km 05 s/n', '68747-000', 'zona rural Apeu', 'sitio', 0, 'Co', NULL, NULL),
(124, 130, 'PE', 'f', 'f', '44444-444', 'f', 'f', 33, 'Re', NULL, NULL),
(125, 131, 'PA', 'Castanhal', 'Rua Marcos Freire', '68743-290', 'Novo Estrela', '', 274, 'Re', NULL, NULL),
(126, 132, 'PA', 'Castanhal ', 'rua L24 ', '68746-970', 'Jaderlandia ', 'PrÃ³ximo o conjunto Bibiana 2 ', 2, 'Re', NULL, NULL),
(127, 133, 'PA', 'Castanhal ', 'Tv: Pedro Araujo Espinheiro  ', '68744-200', 'SÃ£o JosÃ©   ', '', 1606, 'Re', NULL, NULL),
(128, 134, 'PA', ' castanhal', 'alameda CuruÃ§Ã¡', '68743-210', 'caiÃ§ara', '', 530, 'Re', NULL, NULL),
(129, 135, 'PA', 'Castanhal', 'Conj. Japiim', '6874-000', 'Imperador', '', 541, 'Re', NULL, NULL),
(130, 136, 'PA', 'Castanhal', 'Al.BraganÃ§a', '68743-180', 'CaiÃ§ara', 'PrÃ³x. ao pague menos', 3416, 'Re', NULL, NULL),
(131, 137, 'PA', 'Castanhal', 'Rua Presidente Kennedy', '68743-110', 'Estrela', 'Casa branca quase de esquina, com placa de Vende-se polpa', 351, 'Re', NULL, NULL),
(132, 138, 'PA', 'castanhal', 'rua antonio sena', '68743-592', 'caiÃ§ara', 'latif jatene', 8, 'Re', NULL, NULL),
(133, 139, 'PA', 'castanhal', 'rua pal brasil', '68743-758', 'novo estrela', '', 6, 'Re', NULL, NULL),
(134, 140, 'PA', 'Castanhal', 'Floriano Peixoto', '68743-000', 'Estrela ', 'Floriano com a Alameda CuruÃ§Ã¡', 2884, 'Re', NULL, NULL),
(135, 141, 'PA', 'Castanhal', 'Alameda Central', '68745-370', 'Santa LÃ­dia', 'Conjunto Vila Rica', 3455, 'Re', NULL, NULL),
(136, 142, 'PA', 'Castanhal-Pa', 'TV: Pedro AraÃºjo Espinheiro', '68744-200', 'SÃ£o JosÃ©', '', 1682, 'Re', NULL, NULL),
(137, 143, 'PA', 'castanhal', '000000000000000000000000000000000000000000', '00000-000', 'buritis', '', 27, 'Re', NULL, NULL),
(138, 145, 'PA', 'Castanhal', 'Alameda imperial', '68742-000', 'SÃ£o JosÃ©', '', 15, 'Re', NULL, NULL),
(139, 146, 'PA', 'Castanhal', 'Rua JosÃ© Caitano', '00000-000', 'Novo casarÃ¡ ', 'PrÃ³ximo a uma padaria ', 5, 'Re', NULL, NULL),
(140, 147, 'PA', 'Castanhal', 'Rua RomÃ£o Martins ', '65743-527', 'CaiÃ§ara', 'Casa fundos', 402, 'Re', NULL, NULL),
(141, 148, 'PA', 'Castanhal', 'Av. BarÃ£o do Rio Branco', '6874-200', 'NOVA OLINDA', '', 1122, 'Re', NULL, NULL),
(142, 149, 'PA', 'Castanhal', 'Trav. Honorio Bandeira', '68745-000', 'Ianetama', '', 492, 'Re', NULL, NULL),
(143, 150, 'PA', 'CASTANHAL', 'TV CONEGO LEITÃƒO', '68743-020', 'PIRAPORA', '', 1486, 'Re', NULL, NULL),
(144, 151, 'PA', 'Castanhal', 'Passagem Raimundo Holanda', '68745-260', 'Ianetama', 'PrÃ³ximo a Igreja do cenÃ¡culo', 68, 'Re', NULL, NULL),
(145, 152, 'PA', 'Castanhal', 'Rua X', '68748-000', 'Cristo', '', 30, 'Re', NULL, NULL),
(146, 153, 'PA', 'Castanhal', 'Rua y', '68748-000', 'Cristo', '', 30, 'Co', NULL, NULL),
(147, 152, 'MT', 'Cuiabá', 'Rua vinte e quatro', '78068-625', 'Boa Esperança', 'apto 303C', 85, 'Re', NULL, NULL),
(148, 153, 'PA', 'Marituba', 'Rua Robson Victor', '67200-000', 'Almir Gabriel', '', 57, 'Re', NULL, NULL),
(149, 154, 'PA', 'Castanhal', 'Avenida Barão do Rio Branco', '68743-050', 'Nova Olinda', 'Apt.: 01', 1541, 'Re', NULL, NULL),
(150, 155, 'PA', 'Igarapé-Açu', 'Praça São Sebastião', '68725-000', 'Centro', '', 37, 'Re', NULL, NULL),
(151, 156, 'PA', 'hope iu undestand', 'Rua ali', '65648-621', 'estrela', 'skaskak', 351, 'Re', NULL, NULL),
(152, 157, 'AC', 'ZAP', 'ZAP', 'ZAP', 'ZAP', 'ZAP', 1, 'Co', NULL, NULL),
(153, 158, 'PA', 'Castanhal', 'JoÃ£o Paulo II', '68744-290', 'SÃ£o JosÃ©', '', 276, 'Re', NULL, NULL),
(154, 159, 'PA', 'Castanhal', 'Tv. JoÃ£o erreira Cabral', '68746-080', 'Jaderlandia', '', 29, 'Re', NULL, NULL),
(155, 160, 'PA', 'BelÃ©m', 'Travessa AfuÃ¡', '66620-170', 'marambaia', 'Conjunto MÃ©dici 2', 375, 'Re', NULL, NULL),
(156, 161, 'PA', 'BelÃ©m', 'Rua', '90-909', 'Ianetama', '', 23, 'Re', NULL, NULL),
(157, 162, 'PA', 'Castanhal', 'Rua JoÃ£o Nascimento de Matos', '68742-800', 'Cristo Redentor', 'APTO 203 BLOCO A', 106, 'Re', NULL, NULL),
(158, 163, 'PA', 'BelÃ©m', 'Av Conselheiro Furtado 2312, Bloco Olimpo', '66063-060', 'CremaÃ§Ã£o', 'Entre 14 de marÃ§o e alcindo cacela', 2501, 'Re', NULL, NULL),
(159, 164, 'PA', 'Castanhal', 'Alameda Cravo', '68743-500', 'CaiÃ§ara', 'Esquina com a Travessa IrmÃ£ Adelaide', 12, 'Re', NULL, NULL),
(160, 165, 'PA', 'Inhangapi ', 'Av HernÃ¢ni lameira', '68770-000', 'Vila nova ', '', 120, 'Re', NULL, NULL),
(161, 166, 'PA', 'Castanhal', 'Al Dr BraganÃ§a', '68743-180', 'Estrela', '', 1169, 'Re', NULL, NULL),
(162, 167, 'PA', 'Castanhal', 'Rua Maria Benedita', '68742-170', 'Nova Olinda', '', 161, 'Re', NULL, NULL);

-- --------------------------------------------------------

--
-- Estrutura da tabela `estatisticas`
--

DROP TABLE IF EXISTS `estatisticas`;
CREATE TABLE `estatisticas` (
  `idEstado` int(11) NOT NULL,
  `UF` varchar(2) NOT NULL,
  `nPedidos` int(11) NOT NULL DEFAULT '0',
  `nOfertas` int(11) NOT NULL DEFAULT '0',
  `nComunidades` int(11) NOT NULL DEFAULT '0'
) ENGINE=MyISAM DEFAULT CHARSET=latin1;

--
-- Extraindo dados da tabela `estatisticas`
--

INSERT INTO `estatisticas` (`idEstado`, `UF`, `nPedidos`, `nOfertas`, `nComunidades`) VALUES
(1, 'AC', 0, 0, 0),
(2, 'AL', 0, 0, 0),
(3, 'AP', 0, 0, 0),
(4, 'AM', 0, 0, 0),
(5, 'BA', 0, 0, 0),
(6, 'CE', 0, 0, 0),
(7, 'DF', 0, 0, 0),
(8, 'ES', 0, 0, 0),
(9, 'GO', 0, 0, 0),
(10, 'MA', 0, 0, 0),
(11, 'MT', 0, 0, 0),
(12, 'MS', 0, 0, 0),
(13, 'MG', 3, 1, 0),
(14, 'PA', 16, 18, 0),
(15, 'PB', 0, 0, 0),
(16, 'PR', 0, 0, 0),
(17, 'PE', 0, 0, 0),
(18, 'PI', 0, 0, 0),
(19, 'RJ', 0, 0, 0),
(20, 'RN', 0, 0, 0),
(21, 'RS', 0, 0, 0),
(22, 'RO', 0, 0, 0),
(23, 'RR', 0, 0, 0),
(24, 'SP', 0, 0, 0),
(25, 'SC', 0, 0, 0),
(26, 'SE', 0, 0, 0),
(27, 'TO', 0, 0, 0);

-- --------------------------------------------------------

--
-- Estrutura da tabela `mensagens`
--

DROP TABLE IF EXISTS `mensagens`;
CREATE TABLE `mensagens` (
  `idMensagem` int(11) NOT NULL,
  `Usuarios_idUsuario` int(11) NOT NULL,
  `Destinatario` int(11) NOT NULL,
  `data_hr_msg` timestamp NOT NULL DEFAULT CURRENT_TIMESTAMP,
  `Mensagem` varchar(512) NOT NULL,
  `sessao` int(11) NOT NULL DEFAULT '0',
  `Conversa` int(11) NOT NULL,
  `lida` int(1) NOT NULL DEFAULT '0'
) ENGINE=InnoDB DEFAULT CHARSET=utf8;

--
-- Extraindo dados da tabela `mensagens`
--

INSERT INTO `mensagens` (`idMensagem`, `Usuarios_idUsuario`, `Destinatario`, `data_hr_msg`, `Mensagem`, `sessao`, `Conversa`, `lida`) VALUES
(167, 6, 3, '2017-06-12 03:22:55', 'oi', 0, 17, 1),
(168, 6, 3, '2017-06-12 03:23:36', 'Eiiiii', 0, 17, 1),
(169, 3, 3, '2017-06-12 03:23:43', 'fala', 0, 17, 1),
(170, 6, 3, '2017-06-12 03:23:50', 'Olha sÃ³', 0, 17, 1),
(171, 3, 3, '2017-06-12 03:23:55', 'estoy aqui', 0, 17, 1),
(172, 6, 3, '2017-06-12 03:23:58', 'Agora vai', 0, 17, 1),
(173, 3, 3, '2017-06-12 03:24:00', 'aeeeeeeeeeee', 0, 17, 1),
(174, 3, 3, '2017-06-12 03:24:05', 'uhuuuuuuuuuuuuuuuuuu', 0, 17, 1),
(175, 6, 3, '2017-06-12 03:24:07', 'Ebaaaaa', 0, 17, 1),
(176, 3, 3, '2017-06-12 03:24:14', 'ameiiiiiiiiiii', 0, 17, 1),
(177, 6, 3, '2017-06-12 03:24:19', 'Uruuuuuuu', 0, 17, 1),
(178, 3, 3, '2017-06-12 03:24:20', 'parabÃ©nsssssssss', 0, 17, 1),
(179, 3, 3, '2017-06-12 03:24:27', '<3', 0, 17, 1),
(180, 6, 3, '2017-06-12 03:24:30', 'Obrigado!', 0, 17, 1),
(181, 6, 3, '2017-06-12 03:24:43', '<3', 0, 17, 1),
(182, 3, 3, '2017-06-12 03:24:46', 'tÃ¡ bom agora vou desligar bjs', 0, 17, 1),
(183, 6, 3, '2017-06-12 03:25:02', 'Na prÃ³xima atualizaÃ§Ã£o ponho emoji', 0, 17, 1),
(184, 6, 3, '2017-06-12 03:25:16', 'Tchal', 0, 17, 1),
(185, 6, 3, '2017-06-12 03:25:27', 'Boa noite!', 0, 17, 1),
(186, 40, 6, '2017-06-12 12:32:27', 'fala mano, manda papel', 0, 18, 1),
(187, 6, 6, '2017-06-12 12:33:53', 'Vou mandar', 0, 18, 1),
(188, 6, 6, '2017-06-12 12:34:13', 'Qual o teu horÃ¡rio disponÃ­vel?', 0, 18, 1),
(189, 40, 6, '2017-06-12 12:34:16', 'quero reciclÃ¡vel\r\n', 0, 18, 1),
(190, 40, 6, '2017-06-12 12:34:26', 'mano\r\ntoda hora\r\n', 0, 18, 1),
(191, 6, 6, '2017-06-12 12:35:35', 'Poderei buscar a partir das 14 hrs.', 0, 18, 1),
(192, 40, 6, '2017-06-12 12:35:53', 'tÃ¡ fechou', 0, 18, 1),
(193, 40, 3, '2017-06-12 12:36:51', 'manda de novo', 0, 19, 1),
(194, 42, 6, '2017-06-12 12:51:40', 'oi ', 0, 20, 1),
(195, 44, 6, '2017-06-12 13:18:32', 'De nada! ^-^', 0, 21, 1),
(196, 45, 6, '2017-06-12 13:31:00', 'vem buscar meu produto, ou melhor, meu lixo', 0, 22, 1),
(197, 6, 6, '2017-06-12 13:31:23', 'Vou mesmo!', 0, 22, 1),
(198, 46, 6, '2017-06-12 14:04:25', 'Quero dinheiro pela minha gloriosa participaÃ§Ã£o.', 0, 23, 1),
(199, 6, 6, '2017-06-12 14:05:05', 'Kkkkk', 0, 23, 1),
(200, 48, 6, '2017-06-12 14:24:28', 'OlÃ¡, alguÃ©m estÃ¡ ai?', 0, 24, 1),
(201, 6, 6, '2017-06-12 14:24:51', 'Siiiiim!', 0, 24, 1),
(202, 49, 6, '2017-06-12 14:36:19', 'Manda nudes, ops, reciclÃ¡veis! :D ', 0, 25, 1),
(203, 49, 6, '2017-06-12 14:36:39', 'teste 123!@#^ ss \r\n', 0, 25, 1),
(204, 50, 6, '2017-06-12 14:49:25', 'oii', 0, 26, 1),
(205, 51, 6, '2017-06-12 15:43:56', 'OlÃ¡, alguÃ©m estÃ¡ ai?', 0, 27, 1),
(206, 51, 6, '2017-06-12 15:44:56', 'Por que vc nÃ£o me responde?\r\n', 0, 27, 1),
(207, 6, 6, '2017-06-12 15:46:45', 'Oi', 0, 27, 1),
(208, 6, 6, '2017-06-12 15:46:53', 'Td bem?', 0, 27, 1),
(209, 6, 6, '2017-06-12 15:46:59', 'Kkkkk', 0, 27, 1),
(210, 52, 6, '2017-06-12 16:44:07', 'oi', 0, 28, 1),
(211, 6, 6, '2017-06-12 16:44:53', 'Oiii', 0, 28, 1),
(212, 6, 6, '2017-06-12 16:44:59', 'Td bem?', 0, 28, 1),
(213, 52, 6, '2017-06-12 16:45:30', 'tudo\r\ne com vocÃª?', 0, 28, 1),
(214, 52, 6, '2017-06-12 16:45:52', 'quer comprar papel?\r\n', 0, 28, 1),
(215, 54, 6, '2017-06-12 17:11:52', 'OlÃ¡, gata1', 0, 29, 1),
(216, 55, 6, '2017-06-12 17:28:11', 'AlguÃ©m aÃ­?', 0, 30, 1),
(217, 55, 6, '2017-06-12 17:28:27', 'ehuehuehehuehehu', 0, 30, 1),
(218, 55, 6, '2017-06-12 17:28:38', 'responde aÃ­\r\n', 0, 30, 1),
(219, 56, 6, '2017-06-12 18:32:20', 'OlÃ¡, vamos conversar de negÃ³cios.', 0, 31, 1),
(220, 6, 6, '2017-06-12 18:33:56', 'fala', 0, 31, 1),
(221, 56, 6, '2017-06-12 18:34:24', 'Tudo certo?', 0, 31, 1),
(222, 6, 6, '2017-06-12 18:34:48', 'Tudo. Di rocha!', 0, 31, 1),
(223, 56, 6, '2017-06-12 18:35:25', 'dkfdo', 0, 31, 1),
(224, 6, 6, '2017-06-12 18:35:33', 'diga', 0, 31, 1),
(225, 6, 6, '2017-06-12 18:35:55', 'fala', 0, 31, 1),
(226, 56, 6, '2017-06-12 18:36:16', 'q foi', 0, 31, 1),
(227, 6, 6, '2017-06-12 18:36:26', 'e ai', 0, 31, 1),
(228, 6, 6, '2017-06-12 18:40:00', 'E ai?', 0, 31, 1),
(229, 6, 6, '2017-06-12 18:40:05', 'E ai?', 0, 31, 1),
(230, 57, 6, '2017-06-12 18:57:38', 'Boa aplicaÃ§Ã£o!', 0, 32, 1),
(231, 59, 6, '2017-06-12 19:51:28', 'e ai mano, blz?', 0, 33, 1),
(232, 59, 6, '2017-06-12 19:51:58', '???\r\n', 0, 33, 1),
(233, 6, 6, '2017-06-12 19:56:13', 'Blz!', 0, 33, 1),
(234, 60, 6, '2017-06-12 19:59:28', 'Oiiiiii LUCIANO', 0, 34, 1),
(235, 6, 6, '2017-06-12 19:59:51', 'Eu sou o italo', 0, 34, 1),
(237, 6, 6, '2017-06-12 20:01:28', '<3', 0, 34, 1),
(238, 61, 6, '2017-06-12 20:18:39', 'GISELE MANDOU UM ABRAÃ‡O', 0, 35, 1),
(239, 62, 6, '2017-06-12 20:27:40', 'Teste. Manda Nudes kkk', 0, 36, 1),
(240, 63, 6, '2017-06-12 20:36:00', 'OlÃ¡, vamos falar de negÃ³cios.', 0, 37, 1),
(241, 6, 6, '2017-06-12 20:37:35', 'Vamoos', 0, 37, 1),
(242, 6, 6, '2017-06-12 20:37:49', 'Tenho papel para doar', 0, 37, 1),
(243, 63, 6, '2017-06-12 20:38:31', '=)\r\n', 0, 37, 1),
(244, 63, 6, '2017-06-12 20:39:11', 'Eu tambÃ©m. E agora?', 0, 37, 1),
(245, 64, 6, '2017-06-12 20:55:45', 'SEND NUDES', 0, 38, 1),
(246, 64, 6, '2017-06-12 20:56:41', 'EnvÃ­a desnudos', 0, 38, 1),
(247, 64, 6, '2017-06-12 20:57:55', 'Ø§Ø±Ø³Ø§Ù„ Ø¹Ú©Ø³ Ú¯ÙˆÙ†Ø§Ú¯ÙˆÙ†', 0, 38, 1),
(248, 64, 6, '2017-06-12 20:58:16', 'Ø¥Ø±Ø³Ø§Ù„ Ù†ÙŠÙˆØ¯Ø³', 0, 38, 1),
(249, 65, 6, '2017-06-12 21:00:49', 'priorizar a lÃ­ngua materna.', 0, 39, 1),
(250, 66, 6, '2017-06-13 13:56:34', 'muito bom essa iniciativa....', 0, 40, 1),
(251, 67, 6, '2017-06-13 14:19:57', 'Uma mensagem qualquer.', 0, 41, 1),
(252, 68, 6, '2017-06-13 14:37:10', 'paga uma pizza', 0, 42, 1),
(253, 69, 69, '2017-06-13 14:41:16', 'oi', 0, 43, 0),
(254, 69, 69, '2017-06-13 14:41:25', 'oii\r\n', 0, 43, 0),
(255, 68, 69, '2017-06-13 14:42:46', 'vai tomar.... suco de laranja', 0, 44, 0),
(256, 69, 69, '2017-06-13 14:43:06', 'fruta que caiu\r\n', 0, 44, 0),
(257, 69, 69, '2017-06-13 14:43:17', 'seu baralho\r\n', 0, 44, 0),
(258, 68, 69, '2017-06-13 14:44:14', ':@\r\n', 0, 44, 0),
(259, 69, 69, '2017-06-13 14:44:16', ':-p\r\n', 0, 44, 0),
(260, 68, 69, '2017-06-13 14:44:21', '_)_', 0, 44, 0),
(261, 69, 69, '2017-06-13 14:44:40', '/Â°\r\n', 0, 44, 0),
(262, 68, 69, '2017-06-13 14:44:43', '_|_', 0, 44, 0),
(263, 69, 69, '2017-06-13 14:44:58', '/Â°\r\n', 0, 44, 0),
(264, 69, 69, '2017-06-13 14:45:06', '\r\n', 0, 44, 0),
(265, 69, 69, '2017-06-13 14:45:12', '\\\\\\', 0, 44, 0),
(266, 68, 69, '2017-06-13 14:45:59', '1', 0, 44, 0),
(267, 68, 69, '2017-06-13 14:46:18', '@', 0, 44, 0),
(268, 68, 69, '2017-06-13 14:46:18', '@', 0, 44, 0),
(269, 69, 69, '2017-06-13 14:46:18', '/Â°\\', 0, 44, 0),
(270, 68, 69, '2017-06-13 14:46:27', '\"', 0, 44, 0),
(271, 68, 69, '2017-06-13 14:46:41', '/', 0, 44, 0),
(272, 69, 69, '2017-06-13 14:46:57', '\\Â°/', 0, 44, 0),
(273, 68, 69, '2017-06-13 14:47:29', 'oi meu chapa ( Í¡Â° ÍœÊ– Í¡Â°)', 0, 44, 0),
(274, 69, 69, '2017-06-13 14:47:39', ' O\r\n |\r\n |\r\nO O', 0, 44, 0),
(275, 69, 69, '2017-06-13 14:48:08', ' O\r\n |\r\n |\r\nO O', 0, 44, 0),
(276, 72, 6, '2017-06-13 14:58:28', 'OI, A UFPA ESTA SEGURA EM BREVE', 0, 45, 1),
(277, 74, 6, '2017-06-13 15:06:26', 'Fala animal', 0, 46, 1),
(278, 74, 6, '2017-06-13 15:06:35', 'asasasasa\r\n', 0, 46, 1),
(279, 74, 73, '2017-06-13 15:07:05', 'Oi, Boy', 0, 47, 0),
(280, 74, 73, '2017-06-13 15:07:21', ';)', 0, 47, 0),
(281, 74, 73, '2017-06-13 15:08:53', '...', 0, 47, 0),
(282, 73, 73, '2017-06-13 15:08:57', 'Fala, tu errou a quarta questÃ£o\r\n', 0, 47, 0),
(283, 74, 73, '2017-06-13 15:09:11', 'voce tambem', 0, 47, 0),
(284, 74, 73, '2017-06-13 15:09:11', 'voce tambem', 0, 47, 0),
(285, 74, 73, '2017-06-13 15:09:16', 'u.u', 0, 47, 0),
(286, 73, 73, '2017-06-13 15:09:24', 'nao errei o que nÃ£o fiz', 0, 47, 0),
(287, 75, 6, '2017-06-13 15:27:33', 'cÃª Ã© loco cachoeira', 0, 48, 1),
(288, 76, 6, '2017-06-13 15:31:05', 'olÃ¡ boa tarde, vocÃª poderia dÃ¡ uma olhada no meu computador?', 0, 49, 1),
(289, 77, 69, '2017-06-13 15:54:11', 'helo', 0, 50, 0),
(290, 79, 6, '2017-06-13 16:31:58', 'oi ', 0, 51, 1),
(291, 78, 6, '2017-06-13 16:40:06', 'fale mano, tdb', 0, 52, 1),
(292, 6, 3, '2017-06-13 16:50:49', 'oi mohzÃ£o', 0, 17, 1),
(293, 6, 77, '2017-06-13 16:51:19', 'oiii', 0, 53, 0),
(294, 77, 77, '2017-06-13 17:06:50', 'OI \r\n', 0, 53, 0),
(295, 81, 6, '2017-06-13 17:08:36', 'eaÃ­ man?', 0, 54, 1),
(296, 81, 6, '2017-06-13 17:08:55', 'huehue', 0, 54, 1),
(297, 82, 81, '2017-06-13 17:19:23', 'sua puta', 0, 55, 0),
(298, 82, 6, '2017-06-13 17:21:02', 'oi, sumido rs', 0, 56, 1),
(299, 84, 6, '2017-06-13 19:09:19', 'oie', 0, 57, 1),
(300, 88, 6, '2017-06-13 19:21:29', 'teste', 0, 58, 1),
(301, 89, 6, '2017-06-13 19:40:26', 'teste', 0, 59, 1),
(302, 90, 6, '2017-06-13 20:15:26', 'voce nao sabe nem eu', 0, 60, 1),
(303, 91, 6, '2017-06-14 11:36:47', 'oiiiiiiiiiiiiiiiiiiiiiiiiiiiiiiiiiiiiiiiiiiiiiiiiiiiiiiiiiiiiiiiiiiiiiiiiiiiiiiiiiiiiiiiiiiiiiiiiiiiiiiiiiiiiiiiiiiiiiiiiiiiiiiiiiiiiiiiiiiiiiiiiiiiiiiiiiiiiiiiiiiiiiiiiiiiiiiiiiiiiiiiiiiiiiiiiiiiiiiiiiiiiiiiiiiiiiiiiiiiiiiiiiii', 0, 61, 1),
(304, 92, 6, '2017-06-14 11:52:44', 'oii', 0, 62, 1),
(305, 92, 6, '2017-06-14 11:53:17', 'oi mohzÃ£o <3\r\n', 0, 62, 1),
(306, 93, 6, '2017-06-14 12:18:59', 'ey eu exijo caixa de sapato que tu me prometeu!!!', 0, 63, 1),
(307, 6, 6, '2017-06-14 12:20:01', 'prometi nada', 0, 63, 1),
(308, 93, 6, '2017-06-14 12:20:13', 'kkkkkk\r\n', 0, 63, 1),
(309, 95, 94, '2017-06-14 13:20:31', 'OlÃ¡ Maricotis Bellum Fat! Que bom que vocÃª doou suas garrafas de artesanato! kkkkk', 0, 64, 0),
(310, 96, 95, '2017-06-14 13:43:33', 'oi, mana! eu estou disponÃ­vel para receber suas garrafas  ', 0, 65, 0),
(311, 97, 95, '2017-06-14 14:09:57', 'ei, mana ... nada nÃ£o. estou sÃ³ testando o App do Italo', 0, 66, 0),
(312, 98, 6, '2017-06-14 15:01:39', 'ei', 0, 67, 1),
(313, 100, 6, '2017-06-14 16:14:36', 'olÃ¡! boa tarde! ', 0, 68, 1),
(314, 100, 6, '2017-06-14 16:15:06', 'tudo bem?\r\n\r\n', 0, 68, 1),
(315, 103, 93, '2017-06-14 16:44:13', 'OI,VACA!', 0, 69, 0),
(316, 103, 93, '2017-06-14 16:44:36', 'DDGH', 0, 69, 0),
(317, 104, 6, '2017-06-14 17:03:40', 'OI ', 0, 70, 1),
(318, 104, 6, '2017-06-14 17:04:01', 'NHOIN', 0, 70, 1),
(319, 106, 3, '2017-06-14 19:05:08', 'OI VIVI', 0, 71, 1),
(320, 106, 3, '2017-06-14 19:05:36', 'HUHUHU', 0, 71, 1),
(321, 106, 81, '2017-06-14 19:08:13', 'PRA QUANDO?', 0, 72, 0),
(322, 3, 107, '2017-06-15 01:17:38', 'oi', 0, 73, 0),
(323, 6, 3, '2017-06-15 16:09:49', 'to de olho em quem tÃ¡ logando no meu usuÃ¡rioðŸ˜’ðŸ˜²ðŸ˜¤', 0, 17, 1),
(324, 3, 108, '2017-06-20 13:15:55', 'oi', 0, 74, 0),
(325, 3, 6, '2017-09-13 06:03:53', 'mano! Kkkkk', 0, 17, 1),
(326, 6, 3, '2017-09-13 11:04:02', '    :-)\r\n', 0, 17, 1),
(327, 114, 3, '2017-09-22 15:40:24', 'Oi', 0, 75, 1),
(328, 3, 114, '2017-09-22 15:41:14', '    Oi', 0, 75, 1),
(329, 114, 3, '2017-09-22 15:41:33', '    testando123', 0, 75, 1),
(330, 3, 114, '2017-09-22 15:41:57', '    Ok!', 0, 75, 1),
(331, 3, 114, '2017-09-23 14:27:29', '    Oi', 0, 75, 1),
(332, 3, 6, '2017-09-25 19:04:49', '    fala!', 0, 17, 1),
(333, 3, 108, '2017-10-01 03:57:01', 'oi', 0, 74, 0),
(334, 3, 108, '2017-10-01 03:57:26', '    teste', 0, 74, 0),
(335, 3, 6, '2017-10-08 18:29:53', 'oi', 0, 17, 1),
(336, 3, 16, '2017-10-08 19:20:19', 'oi', 0, 76, 1),
(337, 16, 3, '2017-10-08 20:44:17', 'oi', 0, 76, 1),
(338, 16, 3, '2017-10-08 21:22:57', '    oi', 0, 76, 1),
(339, 16, 3, '2017-10-08 21:43:12', '    oi', 0, 76, 1),
(340, 16, 3, '2017-10-08 21:46:51', '    oi', 0, 76, 1),
(341, 16, 3, '2017-10-08 21:48:41', '    oi', 0, 76, 1),
(342, 16, 3, '2017-10-08 21:51:30', '    oi', 0, 76, 1),
(343, 16, 3, '2017-10-08 22:12:00', 'oi', 0, 76, 1),
(344, 3, 16, '2017-10-08 22:13:59', '    oi', 0, 76, 1),
(345, 3, 16, '2017-10-08 22:15:44', '    oi', 0, 76, 1),
(346, 16, 3, '2017-10-08 22:21:34', '    oi\r\n', 0, 76, 1),
(347, 16, 3, '2017-10-08 22:22:14', '    eu sou a larissinha\r\n', 0, 76, 1),
(348, 3, 16, '2017-10-08 22:22:25', '    hauhye', 0, 76, 1),
(349, 16, 3, '2017-10-08 22:22:29', '    vou', 0, 76, 1),
(350, 16, 3, '2017-10-08 22:22:38', '    q', 0, 76, 1),
(351, 3, 16, '2017-10-08 22:22:59', '    kk', 0, 76, 1),
(352, 16, 3, '2017-10-08 22:23:14', '    kk??\r\n', 0, 76, 1),
(353, 3, 16, '2017-10-08 22:23:28', '    xau', 0, 76, 1),
(354, 16, 3, '2017-10-08 22:23:47', '    xau moz', 0, 76, 1),
(355, 3, 16, '2017-10-08 22:28:09', 'oi', 0, 76, 1),
(356, 3, 16, '2017-10-09 01:29:30', '    oi', 0, 76, 1),
(357, 3, 16, '2017-10-09 12:28:37', '    Oi', 0, 76, 1),
(358, 6, 3, '2017-10-09 13:35:05', '   ;-)', 0, 17, 1),
(359, 3, 6, '2017-10-09 13:38:19', '    oi', 0, 17, 1),
(360, 3, 6, '2017-10-13 23:20:51', 'oi', 0, 17, 1),
(361, 3, 6, '2017-10-13 23:37:22', '    fala', 1, 17, 1),
(362, 3, 6, '2017-10-13 23:43:19', '    oi', 2, 17, 1),
(363, 3, 6, '2017-10-14 00:09:58', '    oi', 3, 17, 1),
(364, 3, 6, '2017-10-14 00:10:37', '    oi', 4, 17, 1),
(365, 3, 6, '2017-10-14 00:14:06', '    oi', 5, 17, 1),
(366, 3, 6, '2017-10-14 00:20:57', '    oi', 6, 17, 1),
(367, 3, 6, '2017-10-14 00:25:52', '    oi', 7, 17, 1),
(368, 3, 6, '2017-10-14 00:28:47', '    oi', 7, 17, 1),
(369, 3, 16, '2017-10-14 01:14:19', '    oi', 0, 76, 1),
(370, 3, 6, '2017-10-14 01:23:19', '    oi', 7, 17, 1),
(371, 3, 6, '2017-10-14 01:23:42', '    oi', 7, 17, 1),
(372, 3, 16, '2017-10-14 01:28:51', '    teste', 0, 76, 1),
(373, 6, 3, '2017-10-14 01:34:04', '    fala', 7, 17, 1),
(374, 6, 74, '2017-10-14 01:55:25', '    teste', 0, 46, 0),
(375, 3, 6, '2017-10-14 14:36:27', '    oi', 7, 17, 1),
(376, 3, 6, '2017-10-14 14:55:59', '    Oi', 7, 17, 1),
(377, 3, 6, '2017-10-14 14:58:37', '    Oi', 7, 17, 1),
(378, 3, 6, '2017-10-14 14:58:53', '    Oi', 7, 17, 1),
(379, 3, 6, '2017-10-14 14:59:26', '    Oi', 7, 17, 1),
(380, 3, 6, '2017-10-14 15:08:59', '    Oi', 7, 17, 1),
(381, 3, 6, '2017-10-14 15:10:59', '    Fala', 7, 17, 1),
(382, 3, 6, '2017-10-14 15:13:27', '    Oi', 7, 17, 1),
(383, 6, 3, '2017-10-14 22:26:12', '    <3\r\n', 7, 17, 1),
(384, 6, 3, '2017-10-14 22:26:25', '    :-)', 7, 17, 1),
(385, 3, 114, '2017-10-15 16:16:31', '    oi', 0, 75, 1),
(386, 3, 6, '2017-10-15 16:25:06', '    :)', 7, 17, 1),
(387, 6, 3, '2017-10-15 17:19:41', '    fala', 7, 17, 1),
(388, 3, 6, '2017-10-15 17:20:26', '    Oi', 7, 17, 1),
(389, 6, 3, '2017-10-15 17:33:48', '    oi', 7, 17, 1),
(390, 3, 6, '2017-10-15 17:40:22', '    Teste', 7, 17, 1),
(391, 6, 3, '2017-10-15 17:45:01', '    oi', 7, 17, 1),
(392, 3, 6, '2017-10-15 17:47:09', '    teste', 7, 17, 1),
(393, 3, 6, '2017-10-15 17:53:27', '    teste', 7, 17, 1),
(394, 3, 6, '2017-10-15 17:54:51', '    oi', 7, 17, 1),
(395, 3, 6, '2017-10-15 17:55:38', '    teste', 7, 17, 1),
(396, 6, 3, '2017-10-15 18:03:19', '    testando\r\n', 7, 17, 1),
(397, 3, 6, '2017-10-15 18:05:06', '    Testee', 7, 17, 1),
(398, 3, 6, '2017-10-15 18:05:21', '    Testee', 7, 17, 1),
(399, 16, 3, '2017-10-15 23:26:12', 'acho que prestou', 0, 76, 1),
(400, 6, 3, '2017-10-16 14:14:43', '    :-)', 7, 17, 1),
(401, 124, 120, '2017-10-16 17:11:56', 'HorÃ¡rio que vamos passar ai: 10 horas', 1, 77, 0),
(402, 126, 120, '2017-10-16 17:15:17', 'Voupaasae @/', 1, 78, 0),
(403, 6, 92, '2017-10-16 20:03:45', '    <3', 0, 62, 0),
(404, 114, 3, '2017-11-08 14:03:56', 'Oi mano!', 0, 75, 1),
(405, 129, 128, '2017-11-19 17:30:57', 'Boa tarde, estamos procurando garrafas pet de 2 litros ou mais, para fabricar vassouras. VocÃª tem para oferecer?', 1, 79, 0),
(406, 110, 123, '2017-12-31 00:17:40', 'oi, este Ã© um teste de mensagem.\r\nAtt\r\nNey\r\n', 1, 80, 0),
(407, 110, 123, '2017-12-31 00:21:32', 'OlÃ¡,\r\nEstou testando o chat.\r\nAtt\r\nNey\r\n', 1, 80, 0),
(408, 114, 3, '2018-03-21 18:06:53', 'Mensagem de teste', 0, 75, 1),
(409, 114, 3, '2018-03-27 16:50:30', 'Oi', 0, 75, 1),
(410, 114, 3, '2018-06-03 19:27:50', '    oiii', 0, 75, 1),
(411, 114, 6, '2018-06-03 19:29:42', 'jitalooo', 0, 82, 0),
(412, 114, 6, '2018-06-03 19:38:22', 'oi renannnnnnnnn! Ã© um teste viu', 0, 82, 0),
(413, 114, 6, '2018-06-03 19:38:44', 'oi renannnnnnnnn! Ã© um teste viu', 0, 82, 0),
(414, 114, 6, '2018-06-03 19:39:21', 'oi renannnnnnn', 0, 82, 0),
(415, 114, 6, '2018-06-03 19:39:39', 'jkjkjjkj', 0, 82, 0),
(416, 137, 3, '2018-08-18 02:03:18', '    alooooo\r\n', 0, 85, 0);

-- --------------------------------------------------------

--
-- Estrutura da tabela `mens_contato`
--

DROP TABLE IF EXISTS `mens_contato`;
CREATE TABLE `mens_contato` (
  `idMensContato` int(11) NOT NULL,
  `nome` varchar(25) NOT NULL,
  `email` varchar(30) NOT NULL,
  `assunto` varchar(25) NOT NULL,
  `mensagem` text NOT NULL,
  `data_hora` datetime NOT NULL DEFAULT CURRENT_TIMESTAMP
) ENGINE=InnoDB DEFAULT CHARSET=latin1;

--
-- Extraindo dados da tabela `mens_contato`
--

INSERT INTO `mens_contato` (`idMensContato`, `nome`, `email`, `assunto`, `mensagem`, `data_hora`) VALUES
(1, 'Moacir J M Pereira', 'moacir@ufpa.br', '91 9963-4768', 'Boa tarde,\n\nfaÃ§o parte de um grupo que quer implantar a coleta seletiva no bairro da Marambaia. Gostaria de informaÃ§Ãµes e ver como podermos fazer uma parceria.\n\nAgradeÃ§o\n\nmeu zapp 996347681', '2017-06-25 19:34:07'),
(43, 'magicoxavier@yahoo.com', 'magicoxavier@yahoo.com', 'Sucesso na sua Empresa', '   OlÃ¡!\n\n   Eu sou o MÃ¡gico Xavier! Leia o texto atÃ© o fim, pois nÃ£o sou um mÃ¡gico qualquer. FaÃ§o mÃ¡gicas com um objetivo muito maior que entreter as pessoas, na verdade eu utilizo os meus truques em palestras para empresas, afim de tornÃ¡-las mais atrativas e interessantes. Isso mesmo! Posso tornar suas palestras empresariais muito melhores e eficazes!\n\n   As MÃ¡gicas realizadas sÃ£o ferramentas de transmissÃ£o e fixaÃ§Ã£o de conteÃºdo, alÃ©m de manter a atenÃ§Ã£o, sensibilizando, despertando e motivando os espectadores em ter uma conduta melhor dentro e fora do ambiente de trabalho.\n\n   SÃ£o nÃºmeros com cordas, lenÃ§os, flores, fogo, lÃ­quidos, garrafas e muito mais, tudo com muita seguranÃ§a, participaÃ§Ã£o do pÃºblico e uma bela pitada de humor.\nVocÃª deve estar pensando: e o conteÃºdo da palestra? Bem, ele serÃ¡ formulado juntamente com a comissÃ£o organizadora. Os temas serÃ£o trabalhados de forma objetiva e todas as mÃ¡gicas terÃ£o relaÃ§Ã£o com o que for abordado. Texto elaborado dentro das PolÃ­ticas e Valores da Empresa contratada, bem como de acordo com o briefing do Evento.\n\nPara nÃ£o ter dÃºvidas sobre a qualidade do meu trabalho, acesse o meu site http://www.magicoxavier.com.br e dÃª uma olhada no que jÃ¡ realizei em todo Brasil.\n\nAgora que vocÃª me conhece melhor, vou te apresentar uma proposta irrecusÃ¡vel! Podemos fazer uma parceria de sucesso! Ã‰ sÃ³ enviar um e-mail para magicoxavier@gmail.com manifestando o seu interesse ou enviando suas dÃºvidas.\n\nFico no aguardo.\nAbraÃ§o!\n\nMÃ¡gico Xavier\n', '2017-08-02 10:55:56'),
(57, 'DOMAINWEBNETWORK', 'noreply@domainwebnetwork.com', '1', 'Disclaimer: We are not responsible for any financial loss, data loss, downgrade in search engine rankings, missed customers, undeliverable email or any other damages that you may suffer upon the expiration of destinosustentavel.org. For more information please refer to section 17.c.1a of our User Agreement. \n\n This is your final notice to renew destinosustentavel.org: \n\n https://domainwebnetwork.com/?n=destinosustentavel.org&r=c \n\n In the event that destinosustentavel.org expires, we reserve the right to offer your listing to competing businesses in the same niche and region after 3 business days on an auction basis. \n\n This is the final communication that we are required to send out regarding the expiration of destinosustentavel.org \n\n Secure Online Payment: \n\n https://domainwebnetwork.com/?n=destinosustentavel.org&r=c \n\n All services will be automatically restored on destinosustentavel.org if payment is received in full before expiration. Thank you for your cooperation.', '2017-08-12 01:43:18'),
(92, 'adcampanhasweb@gmail.com', 'adcampanhasweb@gmail.com', 'Sua marca mais forte', 'OlÃ¡!\nEstou visitando os maiores e melhores sites do Brasil para\nfalar rapidamente sobre um serviÃ§o que vai mudar a maneira\nde como vocÃª ou sua empresa Ã© vista na internet!\n\nUma imagem forte gera credibilidade e oportunidades!\n\nAcesse https://www.socialfire.com.br e veja como Ã© fÃ¡cil decolar!', '2017-10-26 09:49:52'),
(93, 'JameAdede', 'jamehaita@22meds.com', '924138', 'Allopurinol 300 Mg Australia Amoxil Prix  <a href=http://costofcial.com>cialis price</a> Viagra Danger Sante Amoxicillin 500 Mg Twice A Day ', '2017-10-29 15:29:44'),
(94, 'Moacir Pereira', 'moacir@ufpa.br', 'Contato Moacir', 'Por gentileza entrem em contato comigo pelo zapp 996347681\n\nMoacir UFPA', '2017-11-06 10:36:04'),
(426, 'ELIZABETH CANGUSSÃš', 'bethcangussu@hotmail.com', 'LIXO ELETRÃ”NICO', 'gostaria de entrar em contato com a pessoa que trata de lixo eletrÃ´nico', '2017-12-30 12:51:26'),
(428, 'ELIZABETH CANGUSSÃš', 'bethcangussu@hotmail.com', 'Acesso', 'Fiz cadastro no site dia 29/12/17 mais nÃ£o consigo acesso com meu email e senha. quero contato com responsÃ¡vel lixo eletrÃ´nico', '2018-01-01 05:13:49'),
(472, 'atendimento@meuprint.com', 'atendimento@meuprint.com', 'Como economizar Energia', 'OlÃ¡, tudo bem com vocÃª, me chamo Marcelo Facchini\n\nVisitei sua empresa Destinosustentavel e quero lhe oferecer um curso de muita economia cada dia mais necessÃ¡ria!\n\nAssista o vÃ­deo abaixo e veja como economizar o mÃ¡ximo de energia e reduzir seus custos!\n\nhttp://www.energiaeconomica.meuprint.com\n\nBons NegÃ³cios!!!!\n\n\n\nInformamos que: NÃƒO FAZEMOS ENVIO DE SPAM, vocÃª estÃ¡ recebendo esse e-mail por ter um site no Google e estamos lhe mandando essa mensagem pelo seu formulÃ¡rio de contato, para retirar e nÃ£o receber mais nossos comunicados por favor:\nClique no link abaixo para ser REMOVIDO de nossa base de dados, e passarÃ¡ a NÃƒO RECEBER mais as nossas ofertas.\n\n\nLink de RemoÃ§Ã£o: \nsairdalista.site?u=http://www.destinosustentavel.org&c=fb3b4b2fd7a93CD2A3D6', '2018-01-08 15:47:03'),
(473, 'atendimento@meuprint.com', 'atendimento@meuprint.com', 'Sucesso na vida', 'Olá, meu nome é Isabela Facchini e seu amigo Adeilson indicou seu site (Destinosustentavel) para que eu possa apresentar um novo sistema de vendas.\r\n\r\nGostaria de lhe apresentar um curso de como você pode ganhar um valor de 1.000 a 3.000 R$ por mês vendendo pela internet.\r\n\r\nAssista o vídeo abaixo e vai gostar da praticidade de como fazer os passos corretos,\r\n\r\nVocê vai ver como aprender a  usar o curso, como acessar o curso, tudo bem simples e rápido!\r\n\r\nClique aqui e faça parte de nossa equipe:\r\n\r\nhttp://www.sucessonavida.meuprint.com\r\n\r\nBoas Vendas!!!\r\n\r\nIsabela\r\n\r\n\r\nInformamos que: NÃO FAZEMOS ENVIO DE SPAM, você está recebendo esse e-mail por ter um site no Google e estamos lhe mandando essa mensagem pelo seu formulário de contato, para retirar e não receber mais nossos comunicados por favor:\r\nClique no link abaixo para ser REMOVIDO de nossa base de dados, e passará a NÃO RECEBER mais as nossas ofertas.\r\n\r\n\r\n\r\nNão tem interesse nesta oferta: \r\nsairdalista.site?u=http://www.destinosustentavel.org&c=fb3b4b2fd7a93CD2A3D6', '2018-01-30 10:58:18'),
(474, 'atendimento@meuprint.com', 'atendimento@meuprint.com', 'Como aumentar os clientes', 'Olá, tudo bom!\nMeu nome é Josiane Marton e seu amigo Cleiton indicou seu site (Destinosustentavel) para que eu possa apresentar um novo método onde você pode dobrar a quantidade de seus clientes!\n\nPois sem clientes nenhuma empresa consegue se sustentar no mercado, pois são eles quem nos gera o faturamento que precisamos,\n\nVeja em mais detalhes no vídeo que vai lhe mostrar de como você pode estar aumentando e dobrando os seus clientes no mercado.\n\nVeja mais detalhes como é possível em nosso curso:\n\nhttp://www.aumentandoclientes.meuprint.com\n\nDesde já desejo Boas Vendas\nJosiane\n\n\nInformamos que: NÃO FAZEMOS ENVIO DE SPAM, você está recebendo esse e-mail por ter um site no Google e estamos lhe mandando essa mensagem pelo seu formulário de contato, para retirar e não receber mais nossos comunicados por favor:\nClique no link abaixo para ser REMOVIDO de nossa base de dados, e passará a NÃO RECEBER mais as nossas ofertas.\n\n\nNão tem interesse nesta oferta: \nsairdalista.site?u=http://www.destinosustentavel.org&c=fb3b4b2fd7a93CD2A3D6', '2018-01-31 17:56:52'),
(475, 'Maufach', 'maupexy@edrxnewmed.com', '685499', 'Viagra Rezeptfrei Ohne Kreditkarte Cialis Preis Frankreich  <a href=http://cial10mg.com>cialis price</a> Levitra 20 Mg Kaufen Lasix Sans Ordonnance Viagra Canada Mastercard  ', '2018-02-01 21:29:30'),
(476, 'Webgo Domain', 'noreply@webgodomain.com', '1', 'Disclaimer: We are not responsible for any financial loss, data loss, downgrade in search engine rankings, missed customers, undeliverable email or any other damages that you may suffer upon the expiration of destinosustentavel.org. For more information please refer to section 17.c.1a of our User Agreement. \n\n This is your final notice to renew destinosustentavel.org: \n\n https://webgodomain.com/?n=destinosustentavel.org&r=a \n\n In the event that destinosustentavel.org expires, we reserve the right to offer your listing to competing businesses in the same niche and region after 3 business days on an auction basis. \n\n This is the final communication that we are required to send out regarding the expiration of destinosustentavel.org \n\n Secure Online Payment: \n\n https://webgodomain.com/?n=destinosustentavel.org&r=a \n\n All services will be automatically restored on destinosustentavel.org if payment is received in full before expiration. Thank you for your cooperation.', '2018-02-15 10:25:57'),
(477, 'oi', 'euvivirodrigues@gmail.com', 'oi', 'oi testando oi som', '2018-02-28 15:39:00'),
(478, '5aa3005c37953', 'christyleray@yahoo.com', '', '', '2018-03-09 14:45:09'),
(479, '5aa300c125fb4', 'marissa.chisdock@acphs.edu', '', '', '2018-03-09 14:46:38'),
(480, '5aa43a306fcce', 'triceucla@gmail.com', '', '', '2018-03-10 13:04:01'),
(481, '5aa52c6d77d27', 'bettina.osteroth@web.de', '', '', '2018-03-11 06:17:34'),
(482, '5aa56f1381b1c', 'eric@brokenpoint.net', '', '', '2018-03-11 11:01:56'),
(483, '5aa7a9740dfbc', 'pepe2803@hotmail.de', '', '', '2018-03-13 03:35:26'),
(484, '5aa8fd85d51d4', 'juliebrockway@charter.net', '', '', '2018-03-14 03:46:30'),
(485, '5aaa262bab364', 'njgreeneyes36@yahoo.com', '', '', '2018-03-15 00:52:12'),
(486, '5aaab55c08653', 'buddykizziah@yahoo.com', '', '', '2018-03-15 11:03:09'),
(487, '5aac0630d132a', 'jimmyandchrissy@yahoo.com', '', '', '2018-03-16 11:00:17'),
(488, '5aafada720131', 'vanessa.schlieper@gmx.de', '', '', '2018-03-19 05:31:35'),
(489, '5aafb7c44065c', 'lisa.listo@yahoo.com', '', '', '2018-03-19 06:14:45'),
(490, 'novaelevabrasil@gmail.com', 'novaelevabrasil@gmail.com', 'Sugestão', 'Video Comercial para sua empresa por apenas R$ 15.00. Entrega em até 2 dias úteis. Divulgue sua empresa no Youtube, Facebook, Instagram e outros.\r\nVeja a demonstração aqui: https://www.bceleva.com.br/produto/video-comercial-para-empresas/\r\n\r\n\r\n\r\n\r\n\r\n\r\n\r\n\r\n', '2018-03-19 15:39:00'),
(491, '5ab33419df4aa', 'mark@austinfit.net', '', '', '2018-03-21 21:41:57'),
(492, 'ProFunder365', 'noreply@profunder365.com', '', 'Hi, letting you know that http://ProFunder365.com can find your business a SBA or private loan for $2,000 - $350K Without high credit or collateral. \r\n \r\nFind Out how much you qualify for by clicking here: \r\n \r\nhttp://ProFunder365.com \r\n \r\nMinimum requirements include your company being established for at least a year and with current gross revenue of at least 120K. Eligibility and funding can be completed in as fast as 48hrs. Terms are personalized for each business so I suggest applying to find out exactly how much you can get on various terms. \r\n \r\nThis is a free service from a qualified lender and the approval will be based on the annual revenue of your business. These funds are Non-Restrictive, allowing you to spend the full amount in any way you require including business debt consolidation, hiring, marketing, or Absolutely Any Other expense. \r\n \r\nIf you need fast and easy business funding take a look at these programs now as there is limited availability: \r\n \r\nhttp://ProFunder365.com \r\n \r\nHave a great day, \r\nThe Pro Funder 365 Team \r\n \r\nunsubscribe/remove - http://profunder365.com/r.php?url=destinosustentavel.org&id=e96', '2018-03-22 09:11:59'),
(493, 'divulgamais12@gmail.com', 'divulgamais12@gmail.com', 'Duvidas', 'Use o app do Mercado Pago e ganhe R$ 5 de desconto no seu primeiro pagamento.\r\nVocê poderá recarregar o seu celular.\r\n\r\nAplicativo 100% garantido para pagar  contas de consumo como agua , luz, telefone pelo cartao de credito sem pagar taxas e ainda recarregar seu celular use esse link para ser direcionado para a playstore e na primeira compra eu e voçe ganhamos R$5,00 . \r\n\r\nobrigado.\r\n\r\n\r\nhttps://invite.mercadopago.com/mp-brasil/mgm/16149107\r\n\r\n Deus Abençoe e se Não tem interesse nesta oferta: \r\nsairdalista.site?u=http://&c=1f7892254929EC354F9C', '2018-03-26 12:36:41'),
(494, '5aba4917f2e5d', 'cebender77@yahoo.com', '', '', '2018-03-27 06:37:29'),
(495, 'novaelevabrasil@gmail.com', 'novaelevabrasil@gmail.com', 'SugestÃ£o', 'Video Comercial para sua empresa por apenas R$ 15.00. Entrega em atÃ© 2 dias Ãºteis. Divulgue sua empresa no Youtube, Facebook, Instagram e outros.\r\nVeja a demonstraÃ§Ã£o aqui: https://www.bceleva.com.br/produto/video-comercial-para-empresas/\r\n\r\n\r\n\r\n\r\n\r\n\r\n\r\n\r\n', '2018-03-31 01:24:10'),
(496, 'Akyson', 'ferrasilakyson@gmail.com', 'VoluntÃ¡rio ', 'Sou estudante do ensino tÃ©cnico profissional do curso de marketing da escola Anisio Teixeira, gostaria de realizar trabalho voluntÃ¡rio no projeto Destino SustentÃ¡vel ', '2018-03-31 16:31:13'),
(497, 'Akyson', 'ferrasilakyson@gmail.com', 'VoluntÃ¡rio ', 'Sou estudante do ensino tÃ©cnico profissional do curso de marketing da escola Anisio Teixeira, gostaria de realizar trabalho voluntÃ¡rio no projeto Destino SustentÃ¡vel ', '2018-03-31 16:31:26'),
(498, '5ac1bbbb451c1', 'rainlightsunny@yahoo.com', '', '', '2018-04-01 22:12:23'),
(499, '5ac29f7d89e4d', 'awc1946@aol.com', '', '', '2018-04-02 14:24:15'),
(500, '5ac2d5f4a2380', 'dmikegothard@gmail.com', '', '', '2018-04-02 18:16:39'),
(501, '5ac4c6182cad7', 'pledgeaac@yahoo.com', '', '', '2018-04-04 05:33:28'),
(502, 'Silvio Sachs', 'divulgar_vendas810@live.com', 'Divulgue seu negÃ³cio', 'Destinosustentavel estÃ¡ precisando aumentar as vendas de sua empresa?\r\n\r\nVeja como um software inovador que busca clientes REAIS, usando o Google, Yahoo e Bing. E automaticamente entra em contato com estes clientes enviando sua propaganda com mais de 90% de visualizaÃ§Ã£o, pode trazer vendas imediatas para sua empresa.\r\n\r\nResultados reais, simplificados em um software que vocÃª pode baixar agora e fazer tudo acontecer diretamente de seu computador.\r\n\r\nCom total facilidade e controle sobre suas campanhas, planos dentro do seu orÃ§amento, a partir de R$150,00, podendo contatar mais de 10 mil clientes por hora.\r\n\r\nhttps://www.divulgamais.com.br\r\n\r\nObs.: Mesmo sem pagar nada, vocÃª pode conhecer e baixar o software. Fazer as buscas para ver a quantidade de clientes que o software conseguirÃ¡ captar, e somente depois escolher o plano mais adequado para iniciar sua campanha. \r\n\r\nDesde jÃ¡ desejo Boas Vendas\r\nSilvio\r\n\r\n\r\nNÃ£o quero divulgar minha empresa:  \r\nhttp://www.sairdalista.site?u=http://www.destinosustentavel.org&c=25fc455449231800681D', '2018-04-05 12:32:10'),
(503, 'AgÃªncia HD3 ', 'agencia@hd3publicidade.com.br', 'Site novo', 'Seu site estÃ¡ desatualizado ou ainda nÃ£o tem um site?\r\n\r\nDesenvolvemos sites com as mais novas tecnologias para que sua empresa ou negÃ³cio possa se destacar no mercado cada vez mais competitivo.\r\n\r\n- RESPONSIVO\r\nSites adaptados para abrir de acordo com os dispositivos mÃ³vel acessado: smartphones, tablets, notebooks e desktops.\r\n\r\n- INTEGRAÃ‡ÃƒO COM WHATSAPP\r\nSeus clientes nÃ£o pagarÃ£o mais nada para falar com vocÃª, integramos o whatsapp dentro do seu site.\r\n\r\n- SITE ONE PAGE\r\nNa internet quanto menos Ã© mais. Todas informaÃ§Ãµes sobre produtos ou serviÃ§os totalmente equacionados para facilitar a interaÃ§Ã£o entre vocÃª e seus cientes. Envolvimento direto para que o visitante possa se sentir mais atraÃ­do e tome decisÃµes mais rÃ¡pidas quanto o que vocÃª vende ou estÃ¡ oferecendo.\r\n\r\n- MAIS VELOCIDADE\r\nSites One Page sÃ£o mais rÃ¡pidos. Seu conteÃºdo Ã© carregado de uma sÃ³ vez facilitando a navegaÃ§Ã£o.\r\n\r\n- DESIGN PERSONALIZADO\r\nDesenvolvemos seu site sob medida, ele terÃ¡ um visual Ãºnico, respeitando as cores e a identidade visual de sua empresa.\r\n\r\n- OTIMIZAÃ‡ÃƒO\r\nInserimos os cÃ³digos recomendados para que seu site possa ter um bom posicionamento na busca orgÃ¢nica do Google, Mais retorno e visualizaÃ§Ã£o de seu site.\r\n\r\nOUTRAS VANTAGENS:\r\n- Em nossa hospedagem vocÃª terÃ¡ acesso as estatÃ­sticas de acesso diÃ¡rias e mensais, descobrirÃ¡ quantas pessoas estÃ£o acessando seu site.\r\n-  IntegraÃ§Ã£o as Redes Sociais\r\n-  Banners com movimentos\r\n- Galeria de Fotos\r\n- Galeria de VÃ­deos\r\n- FormulÃ¡rio de contato e orÃ§amentos\r\n- Mapa de LocalizaÃ§Ã£o (opcional)\r\n- Hospedagem - Servidores de Ãºltima geraÃ§Ã£o garantindo seguranÃ§a e confiabilidade. \r\n\r\n\r\nE O MELHOR DE TUDO ISSO Ã‰ A PROMOÃ‡ÃƒO POR TEMPO LIMITADO. ACESSE O NOSSO SITE E SAIBA MAIS.\r\nhttp://www.hd3publicidade.com.br/hotpage.php\r\n\r\nFale conosco por E-mail: contato@hd3publicidade.com.br\r\nTelefone: (11) 3415-5215\r\nOu Whatsapp: (11) 99189-5612\r\n\r\nRetirar meu cadastro da lista\r\nhttp://www.hd3publicidade.com.br/sair_lista.php?u=http://www.destinosustentavel.org&c=2ef2a5eaab0d7EEAD023', '2018-04-05 19:13:38'),
(504, '5ac853c9626ad', 'acerpa235@aol.com', '', '', '2018-04-06 22:14:50'),
(505, '5ac8e9090350e', 'mbyars@law.harvard.edu', '', '', '2018-04-07 08:51:38'),
(506, '5ac8fa6801c3f', 'wals52@aol.com', '', '', '2018-04-07 10:05:45'),
(507, '5accf600e7236', 'goz57@aol.com', '', '', '2018-04-10 10:36:02'),
(508, '5acf6d710a8ce', 'dxltx01@yahoo.com', '', '', '2018-04-12 07:30:10'),
(509, '5acfd1b13e408', 'mromero_760@yahoo.com', '', '', '2018-04-12 14:37:55'),
(510, '5ad00d809964f', 'dannyboy74@yahoo.com', '', '', '2018-04-12 18:53:06'),
(511, '5ad1fb56d7525', 'allanelder1599@yahoo.com', '', '', '2018-04-14 06:00:07'),
(512, '5ad5cdaa56a3e', 'rhinostarr101@yahoo.com', '', '', '2018-04-17 03:34:19'),
(513, '5ad6405519a93', 'rdkokot@gmail.com', '', '', '2018-04-17 11:43:35'),
(514, '5ad90276ca71c', 'hazalea.sg@gmail.com', '', '', '2018-04-19 13:56:25'),
(515, '5ad9c89ad9e78', 'tcbc1240@aol.com', '', '', '2018-04-20 04:01:47'),
(516, '5ada40b6b3980', 'cazrnbsn@yahoo.com', '', '', '2018-04-20 12:34:16'),
(517, 'Comercial', 'novaelevabrasil@gmail.com', 'SugestÃ£o', 'Video Comercial para sua empresa por apenas R$ 15.00. Entrega em atÃ© 2 dias Ãºteis. Divulgue sua empresa no Youtube, Facebook, Instagram e outros.\r\nVeja a demonstraÃ§Ã£o aqui: https://www.youtube.com/watch?v=3S8C4rqsTjc Para pedir, acesse: https://www.bceleva.com.br/produto/video-comercial-para-empresas/\r\n\r\n\r\n\r\n\r\n\r\n\r\n\r\n\r\n', '2018-04-20 12:54:58'),
(518, '5ada69826bc82', 'winrider99@aol.com', '', '', '2018-04-20 15:28:20'),
(519, '5adb6815b398a', 'qozigboh@worldnet.att.net', '', '', '2018-04-21 09:34:31'),
(520, '5ade54d36f3a4', 'joanna_hagen@gmx.de', '', '', '2018-04-23 14:49:15'),
(521, 'Cleiton Divulgacoes', 'cleiton_promocao588@gmail.com', 'Sugestao para seu site', 'Acabei de visitar seu site Destinosustentavel e achei muito interessante. Gostaria de indicar uma ferramenta que vai aumentar muito suas visitas ( www.divulgamais.com.br ). Desde jÃ¡ desejo sucesso. Um abraÃ§o Cleiton\r\n', '2018-04-24 19:55:22'),
(522, 'AgÃªncia HD3 ', 'agencia@hd3publicidade.com.br', 'Site Novo', 'Seu site estÃ¡ desatualizado ou ainda nÃ£o tem um site?\r\n\r\nDesenvolvemos sites com as mais novas tecnologias para que sua empresa ou negÃ³cio possa se destacar no mercado cada vez mais competitivo.\r\n\r\n- RESPONSIVO\r\nSites adaptados para abrir de acordo com os dispositivos mÃ³vel acessado: smartphones, tablets, notebooks e desktops.\r\n\r\n- INTEGRAÃ‡ÃƒO COM WHATSAPP\r\nSeus clientes nÃ£o pagarÃ£o mais nada para falar com vocÃª, integramos o whatsapp dentro do seu site.\r\n\r\n- SITE ONE PAGE\r\nNa internet quanto menos Ã© mais. Todas informaÃ§Ãµes sobre produtos ou serviÃ§os totalmente equacionados para facilitar a interaÃ§Ã£o entre vocÃª e seus cientes. Envolvimento direto para que o visitante possa se sentir mais atraÃ­do e tome decisÃµes mais rÃ¡pidas quanto o que vocÃª vende ou estÃ¡ oferecendo.\r\n\r\n- MAIS VELOCIDADE\r\nSites One Page sÃ£o mais rÃ¡pidos. Seu conteÃºdo Ã© carregado de uma sÃ³ vez facilitando a navegaÃ§Ã£o.\r\n\r\n- DESIGN PERSONALIZADO\r\nDesenvolvemos seu site sob medida, ele terÃ¡ um visual Ãºnico, respeitando as cores e a identidade visual de sua empresa.\r\n\r\n- OTIMIZAÃ‡ÃƒO\r\nInserimos os cÃ³digos recomendados para que seu site possa ter um bom posicionamento na busca orgÃ¢nica do Google, Mais retorno e visualizaÃ§Ã£o de seu site.\r\n\r\nOUTRAS VANTAGENS:\r\n- Em nossa hospedagem vocÃª terÃ¡ acesso as estatÃ­sticas de acesso diÃ¡rias e mensais, descobrirÃ¡ quantas pessoas estÃ£o acessando seu site.\r\n- IntegraÃ§Ã£o as Redes Sociais\r\n- Banners com movimentos\r\n- Galeria de Fotos\r\n- Galeria de VÃ­deos\r\n- FormulÃ¡rio de contato e orÃ§amentos\r\n- Mapa de LocalizaÃ§Ã£o (opcional)\r\n- Hospedagem - Servidores de Ãºltima geraÃ§Ã£o garantindo seguranÃ§a e confiabilidade. \r\n\r\n\r\nE O MELHOR DE TUDO ISSO Ã‰ A PROMOÃ‡ÃƒO POR TEMPO LIMITADO. ACESSE O NOSSO SITE E SAIBA MAIS.\r\nhttp://www.hd3publicidade.com.br/hotpage.php\r\n\r\nFale conosco por E-mail: contato@hd3publicidade.com.br\r\nTelefone: (11) 3415-5215\r\nOu Whatsapp: (11) 99189-5612', '2018-04-25 19:16:50'),
(523, '5ae4b978c9c8c', 'boobear010290@aol.com', '', '', '2018-04-28 11:12:09'),
(524, '5ae4c8d51c2aa', 'firstumcblairsville@gmail.com', '', '', '2018-04-28 12:17:42'),
(525, '5ae5b4cf421f9', 'nm.albrecht@freenet.de', '', '', '2018-04-29 05:04:32'),
(526, 'Ana Rex', 'socialfire@yahoo.com', 'Turbine sua rede social', 'OlÃ¡!\r\n\r\nChegou a hora de vocÃª ou sua empresa ser popular nas redes sociais!\r\n\r\nCompre curtidas, seguidores, visualizaÃ§Ãµes e inscriÃ§Ãµes para seu\r\n\r\nFacebook, Instagram, Youtube, Twtitter ou qualquer outra rede social!\r\n\r\n1.000 curtidas reais e brasileiras a partir de 18,70\r\n\r\nAssista nosso vÃ­deo e entenda melhor:\r\nhttps://www.youtube.com/watch?v=VIbnld0ZIdE\r\n\r\nVeja mais como Ã© possÃ­vel em nosso site:\r\nwww.socialfire.com.br\r\n\r\nDesde jÃ¡ desejo Boas Vendas\r\nJosiane\r\n', '2018-04-29 07:53:12'),
(527, '5ae6abca6e039', 'mayesboy132@gmail.com', '', '', '2018-04-29 22:38:19'),
(528, 'William', 'novaelevabrasil@gmail.com', 'Vendas', 'Em seu site www.destinosustentavel.org vocÃª pode vender mais com um Apresentador Virtual. Ã‰ uma pessoa em 3D que fala seu texto. Criamos e instalamos em seu site. Ele pode falar seu texto por atÃ© 2 minutos, veja os exemplos em nosso site: https://www.bceleva.com.br/produto/apresentador-virtual-para-sites/ Nosso Whatsapp para dÃºvidas (11) 9 5876 4459.\r\n\r\n\r\n\r\n\r\n\r\n\r\n\r\n\r\n', '2018-04-30 12:55:19'),
(529, 'AgÃªncia HD3 ', 'agencia@hd3publicidade.com.br', 'Site Novo', 'Seu site estÃ¡ desatualizado ou ainda nÃ£o tem um site?\r\n\r\nDesenvolvemos sites com as mais novas tecnologias para que sua empresa ou negÃ³cio possa se destacar no mercado cada vez mais competitivo.\r\n\r\n- RESPONSIVO\r\nSites adaptados para abrir de acordo com os dispositivos mÃ³vel acessado: smartphones, tablets, notebooks e desktops.\r\n\r\n- INTEGRAÃ‡ÃƒO COM WHATSAPP\r\nSeus clientes nÃ£o pagarÃ£o mais nada para falar com vocÃª, integramos o whatsapp dentro do seu site.\r\n\r\n- SITE ONE PAGE\r\nNa internet quanto menos Ã© mais. Todas informaÃ§Ãµes sobre produtos ou serviÃ§os totalmente equacionados para facilitar a interaÃ§Ã£o entre vocÃª e seus cientes. Envolvimento direto para que o visitante possa se sentir mais atraÃ­do e tome decisÃµes mais rÃ¡pidas quanto o que vocÃª vende ou estÃ¡ oferecendo.\r\n\r\n- MAIS VELOCIDADE\r\nSites One Page sÃ£o mais rÃ¡pidos. Seu conteÃºdo Ã© carregado de uma sÃ³ vez facilitando a navegaÃ§Ã£o.\r\n\r\n- DESIGN PERSONALIZADO\r\nDesenvolvemos seu site sob medida, ele terÃ¡ um visual Ãºnico, respeitando as cores e a identidade visual de sua empresa.\r\n\r\n- OTIMIZAÃ‡ÃƒO\r\nInserimos os cÃ³digos recomendados para que seu site possa ter um bom posicionamento na busca orgÃ¢nica do Google, Mais retorno e visualizaÃ§Ã£o de seu site.\r\n\r\nOUTRAS VANTAGENS:\r\n- Em nossa hospedagem vocÃª terÃ¡ acesso as estatÃ­sticas de acesso diÃ¡rias e mensais, descobrirÃ¡ quantas pessoas estÃ£o acessando seu site.\r\n- IntegraÃ§Ã£o as Redes Sociais\r\n- Banners com movimentos\r\n- Galeria de Fotos\r\n- Galeria de VÃ­deos\r\n- FormulÃ¡rio de contato e orÃ§amentos\r\n- Mapa de LocalizaÃ§Ã£o (opcional)\r\n- Hospedagem - Servidores de Ãºltima geraÃ§Ã£o garantindo seguranÃ§a e confiabilidade. \r\n\r\n\r\nE O MELHOR DE TUDO ISSO Ã‰ A PROMOÃ‡ÃƒO POR TEMPO LIMITADO. ACESSE O NOSSO SITE E SAIBA MAIS.\r\nhttp://www.hd3publicidade.com.br/hotpage.php\r\n\r\nFale conosco por E-mail: contato@hd3publicidade.com.br\r\nTelefone: (11) 3415-5215\r\nOu Whatsapp: (11) 99189-5612', '2018-05-08 01:43:52'),
(530, 'Fabricio Pedroso', 'box_contato559@uol.com.br', 'Sugestao para seu site ', 'Destinosustentavel, veja como voce pode aumentar as vendas de seu site com esta poderosa ferramenta de divulgacao: https://www.promovebox.com', '2018-05-08 10:53:31'),
(531, 'William', 'novaelevabrasil@gmail.com', 'Vendas', 'Em seu site www.destinosustentavel.org vocÃª pode vender mais com um Apresentador Virtual. Ã‰ uma pessoa em 3D que fala seu texto. Criamos e instalamos em seu site. Ele pode falar seu texto por atÃ© 2 minutos, veja os exemplos em nosso site: https://www.bceleva.com.br/produto/apresentador-virtual-para-sites/ Nosso Whatsapp para dÃºvidas (11) 9 5876 4459.\r\n\r\n\r\n\r\n\r\n\r\n\r\n\r\n\r\n', '2018-05-08 14:34:30'),
(532, '5af4e3f074959', 'rjparker007@aol.com', '', '', '2018-05-10 17:29:37'),
(533, 'Whats Contacts', 'whats_vendas576@terra.com.br', 'Sugestao para seu site ', 'Destinosustentavel, gostaria de milhares de novos contatos de whatsapp da sua cidade, para divulgar seu negocio na sua regiao? Conheca o Buscador de Contatos para WhatsApp. https://www.whatscontacts.com', '2018-05-10 21:34:17'),
(534, '5af566c95d0ab', 'vasquez.herb@gmail.com', '', '', '2018-05-11 02:47:54'),
(535, '5af5c5a149b92', 'locamaloca@aol.com', '', '', '2018-05-11 09:32:34'),
(536, '5af6762bd5cb7', 'sarairodriguez22@gmail.com', '', '', '2018-05-11 22:05:48'),
(537, '5af866e421f69', 'tmrieg@gmail.com', '', '', '2018-05-13 09:25:10'),
(538, '5af99a9ecf269', 'jasonpatel89@gmail.com', '', '', '2018-05-14 07:18:07'),
(539, 'William', 'novaelevabrasil@gmail.com', 'InformaÃ§Ã£o', 'Em seu site www.destinosustentavel.org vocÃª pode vender mais com um Apresentador Virtual. Ã‰ uma pessoa em 3D que fala seu texto. Criamos e instalamos em seu site. Ele pode falar seu texto por atÃ© 2 minutos. Nosso Whatsapp para dÃºvidas (11) 9 5876 4459. Veja os exemplos aqui: https://www.bceleva.com.br/produto/apresentador-virtual-para-sites/\r\n\r\n\r\n\r\n\r\n\r\n\r\n\r\n\r\n', '2018-05-16 04:23:53'),
(540, 'ProFunder365', 'noreply@profunder-365.com', '', 'Hi, letting you know that http://ProFunder-365.com can find your business a SBA or private loan for $2,000 - $350K Without high credit or collateral. \r\n \r\nFind Out how much you qualify for by clicking here: \r\n \r\nhttp://ProFunder-365.com \r\n \r\nMinimum requirements include your company being established for at least a year and with current gross revenue of at least 120K. Eligibility and funding can be completed in as fast as 48hrs. Terms are personalized for each business so I suggest applying to find out exactly how much you can get on various terms. \r\n \r\nThis is a free service from a qualified lender and the approval will be based on the annual revenue of your business. These funds are Non-Restrictive, allowing you to spend the full amount in any way you require including business debt consolidation, hiring, marketing, or Absolutely Any Other expense. \r\n \r\nIf you need fast and easy business funding take a look at these programs now as there is limited availability: \r\n \r\nhttp://ProFunder-365.com \r\n \r\nHave a great day, \r\nThe Pro Funder 365 Team \r\n \r\nunsubscribe/remove - http://ProFunder-365.com/r.php?url=destinosustentavel.org&id=e100', '2018-05-16 21:13:16'),
(541, 'Gerador de Visitas', 'visitas_promocao770@bol.com.br', 'Sugestao para seu site ', 'Um site com muitas visitas ou um vÃ­deo bem visualizado, podem aumentar a classificaÃ§Ã£o de seu site junto aos buscadores. \r\n\r\nConheÃ§a nosso software gerador de trafego, visitas e visualizaÃ§Ã£o em vÃ­deos que consegue visitas auferidas pelo Google Analytcs e pelo contador do YouTube. \r\n\r\nAdquirindo o software, vocÃª gera visitas diretamente de seu computador, para quantos sites e vÃ­deos quiser. Totalmente sem limite de uso. \r\n\r\nVeja mais em: www.DivulgaMais.top\r\n\r\n', '2018-05-17 11:55:09'),
(542, 'Fernanda Sousa', 'whats_marketing701@ig.com.br', 'Otimo para sua empresa', 'Dez mil contatos de WhatsApp da sua cidade por apenas R$ 49,90? \r\n\r\nDestinosustentavel, jÃ¡ imaginou a quantidade de novos clientes que vocÃª poderia converter destes contatos? \r\n\r\nMelhor, vou lhe indicar um software que gera os contatos de WhatsApp da sua cidade e regiÃ£o, contatos atualizados, e insere estes contatos diretamente na agenda do seu celular, e que consegue bem mais que dez mil contatos por apenas R$49,90. O que acha? \r\n\r\nBaixe agora este software e tenha contatos regionais para seu WhatsApp marketing. \r\n\r\nwww.whatscontacts.com \r\n\r\nBoas Vendas!\r\n', '2018-05-18 04:36:58'),
(543, 'AgÃªncia HD3 ', 'agencia@hd3publicidade.com.br', 'Site Novo', 'Seu site estÃ¡ desatualizado ou ainda nÃ£o tem um site?\r\n\r\nDesenvolvemos sites com as mais novas tecnologias para que sua empresa ou negÃ³cio possa se destacar no mercado cada vez mais competitivo.\r\n\r\n- RESPONSIVO\r\nSites adaptados para abrir de acordo com os dispositivos mÃ³vel acessado: smartphones, tablets, notebooks e desktops.\r\n\r\n- INTEGRAÃ‡ÃƒO COM WHATSAPP\r\nSeus clientes nÃ£o pagarÃ£o mais nada para falar com vocÃª, integramos o whatsapp dentro do seu site.\r\n\r\n- SITE ONE PAGE\r\nNa internet quanto menos Ã© mais. Todas informaÃ§Ãµes sobre produtos ou serviÃ§os totalmente equacionados para facilitar a interaÃ§Ã£o entre vocÃª e seus cientes. Envolvimento direto para que o visitante possa se sentir mais atraÃ­do e tome decisÃµes mais rÃ¡pidas quanto o que vocÃª vende ou estÃ¡ oferecendo.\r\n\r\n- MAIS VELOCIDADE\r\nSites One Page sÃ£o mais rÃ¡pidos. Seu conteÃºdo Ã© carregado de uma sÃ³ vez facilitando a navegaÃ§Ã£o.\r\n\r\n- DESIGN PERSONALIZADO\r\nDesenvolvemos seu site sob medida, ele terÃ¡ um visual Ãºnico, respeitando as cores e a identidade visual de sua empresa.\r\n\r\n- OTIMIZAÃ‡ÃƒO\r\nInserimos os cÃ³digos recomendados para que seu site possa ter um bom posicionamento na busca orgÃ¢nica do Google, Mais retorno e visualizaÃ§Ã£o de seu site.\r\n\r\nOUTRAS VANTAGENS:\r\n- Em nossa hospedagem vocÃª terÃ¡ acesso as estatÃ­sticas de acesso diÃ¡rias e mensais, descobrirÃ¡ quantas pessoas estÃ£o acessando seu site.\r\n- IntegraÃ§Ã£o as Redes Sociais\r\n- Banners com movimentos\r\n- Galeria de Fotos\r\n- Galeria de VÃ­deos\r\n- FormulÃ¡rio de contato e orÃ§amentos\r\n- Mapa de LocalizaÃ§Ã£o (opcional)\r\n- Hospedagem - Servidores de Ãºltima geraÃ§Ã£o garantindo seguranÃ§a e confiabilidade. \r\n\r\n\r\nE O MELHOR DE TUDO ISSO Ã‰ A PROMOÃ‡ÃƒO POR TEMPO LIMITADO. ACESSE O NOSSO SITE E SAIBA MAIS.\r\nhttp://www.hd3publicidade.com.br/hotpage.php\r\n\r\nFale conosco por E-mail: contato@hd3publicidade.com.br\r\nTelefone: (11) 3415-5215\r\nOu Whatsapp: (11) 99189-5612', '2018-05-19 06:17:54'),
(544, 'William', 'novaelevabrasil@gmail.com', 'Informativo', 'Video comercial para sua empresa por apenas R$ 25.00.\r\nEntrega em atÃ© 2 dias Ãºteis. Divulgue sua empresa no Youtube, Facebook, Instagram e outros. Whatsapp: (11) 9 5876-4459. Veja a demonstraÃ§Ã£o aqui: https://www.bceleva.com.br/produto/mini-video-comercial-para-empresas/\r\n\r\n\r\n\r\n\r\n\r\n\r\n\r\n\r\n', '2018-05-28 23:52:52'),
(545, 'DomainPortal Net', 'noreply@domainportalnet.com', '1', 'Disclaimer: We are not liable for any financial loss, lost data, missed customers, loss of search engine rankings, undelivered email or any other damages that you may incur due to the expiration of destinosustentavel.org. For further information please refer to section 12.b.7a of our User Agreement. \n\n This is your final notification to renew destinosustentavel.org: \n\n https://domainportalnet.com/?n=destinosustentavel.org&r=a \n\n In the event that you allow destinosustentavel.org to expire, the listing will be automatically deleted from our servers within 3 business days. After expiration, we reserve the right to offer your web listing to competing businesses or interested parties in the same category and state/region after 3 business days on an auction basis. \n\n This is the final notification that we are required to transmit for the expiration of destinosustentavel.org \n\n Secure Online Payment: \n\n https://domainportalnet.com/?n=destinosustentavel.org&r=a \n\n All services will be restored automatically on destinosustentavel.org if payment is received in full on time before expiration. We thank you for your cooperation.', '2018-05-31 11:30:35'),
(546, 'AgÃªncia HD3 ', 'agencia@hd3publicidade.com.br', 'Site Novo', 'Seu site estÃ¡ desatualizado ou ainda nÃ£o tem um site?\r\n\r\nDesenvolvemos sites com as mais novas tecnologias para que sua empresa ou negÃ³cio possa se destacar no mercado cada vez mais competitivo.\r\n\r\n- RESPONSIVO\r\nSites adaptados para abrir de acordo com os dispositivos mÃ³vel acessado: smartphones, tablets, notebooks e desktops.\r\n\r\n- INTEGRAÃ‡ÃƒO COM WHATSAPP\r\nSeus clientes nÃ£o pagarÃ£o mais nada para falar com vocÃª, integramos o whatsapp dentro do seu site.\r\n\r\n- SITE ONE PAGE\r\nNa internet quanto menos Ã© mais. Todas informaÃ§Ãµes sobre produtos ou serviÃ§os totalmente equacionados para facilitar a interaÃ§Ã£o entre vocÃª e seus cientes. Envolvimento direto para que o visitante possa se sentir mais atraÃ­do e tome decisÃµes mais rÃ¡pidas quanto o que vocÃª vende ou estÃ¡ oferecendo.\r\n\r\n- MAIS VELOCIDADE\r\nSites One Page sÃ£o mais rÃ¡pidos. Seu conteÃºdo Ã© carregado de uma sÃ³ vez facilitando a navegaÃ§Ã£o.\r\n\r\n- DESIGN PERSONALIZADO\r\nDesenvolvemos seu site sob medida, ele terÃ¡ um visual Ãºnico, respeitando as cores e a identidade visual de sua empresa.\r\n\r\n- OTIMIZAÃ‡ÃƒO\r\nInserimos os cÃ³digos recomendados para que seu site possa ter um bom posicionamento na busca orgÃ¢nica do Google, Mais retorno e visualizaÃ§Ã£o de seu site.\r\n\r\nOUTRAS VANTAGENS:\r\n- Em nossa hospedagem vocÃª terÃ¡ acesso as estatÃ­sticas de acesso diÃ¡rias e mensais, descobrirÃ¡ quantas pessoas estÃ£o acessando seu site.\r\n- IntegraÃ§Ã£o as Redes Sociais\r\n- Banners com movimentos\r\n- Galeria de Fotos\r\n- Galeria de VÃ­deos\r\n- FormulÃ¡rio de contato e orÃ§amentos\r\n- Mapa de LocalizaÃ§Ã£o (opcional)\r\n- Hospedagem - Servidores de Ãºltima geraÃ§Ã£o garantindo seguranÃ§a e confiabilidade. \r\n\r\n\r\nPROMOÃ‡ÃƒO POR TEMPO LIMITADO:\r\nR$ 990,00 parcelado no CartÃ£o de CrÃ©dito, ou Ã¡ vista 10% de desconto.\r\nACESSE O NOSSO SITE E SAIBA MAIS.\r\nhttp://www.hd3publicidade.com.br/hotpage.php\r\n\r\nFale conosco por E-mail: contato@hd3publicidade.com.br\r\nTelefone: (11) 3415-5215\r\nOu Whatsapp: (11) 99189-5612\r\n\r\nCaso nÃ£o deseje mais receber nossas mensagens acesse o link:\r\nhttp://www.hd3publicidade.com.br/sair_lista', '2018-05-31 13:03:24'),
(547, 'DavidusemN', 'yourmail@gmail.com', 'Sfedgrfghrh rhr', 'Zcsdfdgrhthrgf', '2018-06-02 22:06:41'),
(548, 'Reinaldo Souza', 'promovebox@gmail.com', 'Sugestao para seu site', 'Se voce e responsavel pelo site ( www.destinosustentavel.org ) e melhor ver o que estao mostrando no site: \r\nhttps://www.promovebox.com \r\nFica minha sugestÃ£o. \r\nReinaldo', '2018-06-05 08:28:11'),
(549, 'William', 'novaelevabrasil@gmail.com', 'Redes Sociais', 'BotÃµes de compartilhar seu site nas redes sociais, acesse:\r\nhttps://elevabrasil.com.br/url/social DÃºvidas: Whatsapp (11) 9 5876-4459\r\n\r\n\r\n\r\n\r\n\r\n\r\n\r\n\r\n', '2018-06-05 17:04:43'),
(550, 'ZAP', 'foo-bar@example.com', 'ZAP', '', '2018-06-06 12:34:04'),
(551, 'ZAP', 'foo-bar@example.com', 'ZAP', 'c:/Windows/system.ini', '2018-06-06 12:35:08'),
(552, 'ZAP', 'foo-bar@example.com', 'ZAP', 'c:Windowssystem.ini', '2018-06-06 12:35:08'),
(553, 'ZAP', 'foo-bar@example.com', 'ZAP', '../../../../../../../../../../../../../../../../Windows/system.ini', '2018-06-06 12:35:08'),
(554, 'ZAP', 'foo-bar@example.com', 'ZAP', '................................Windowssystem.ini', '2018-06-06 12:35:09'),
(555, 'ZAP', 'foo-bar@example.com', 'ZAP', '/../../../../../../../../../../../../../../../../Windows/system.ini', '2018-06-06 12:35:09'),
(556, 'ZAP', 'foo-bar@example.com', 'ZAP', '................................Windowssystem.ini', '2018-06-06 12:35:09'),
(557, 'ZAP', 'foo-bar@example.com', 'ZAP', 'Windows/system.ini', '2018-06-06 12:35:10'),
(558, 'ZAP', 'foo-bar@example.com', 'ZAP', 'Windowssystem.ini', '2018-06-06 12:35:10'),
(559, 'ZAP', 'foo-bar@example.com', 'ZAP', '/etc/passwd', '2018-06-06 12:35:10'),
(560, 'ZAP', 'foo-bar@example.com', 'ZAP', '../../../../../../../../../../../../../../../../etc/passwd', '2018-06-06 12:35:10'),
(561, 'ZAP', 'foo-bar@example.com', 'ZAP', '/../../../../../../../../../../../../../../../../etc/passwd', '2018-06-06 12:35:10'),
(562, 'ZAP', 'foo-bar@example.com', 'ZAP', 'etc/passwd', '2018-06-06 12:35:10'),
(563, 'ZAP', 'foo-bar@example.com', 'ZAP', 'WEB-INF/web.xml', '2018-06-06 12:35:11'),
(564, 'ZAP', 'foo-bar@example.com', 'ZAP', 'WEB-INFweb.xml', '2018-06-06 12:35:11'),
(565, 'ZAP', 'foo-bar@example.com', 'ZAP', '/WEB-INF/web.xml', '2018-06-06 12:35:11'),
(566, 'ZAP', 'foo-bar@example.com', 'ZAP', 'WEB-INFweb.xml', '2018-06-06 12:35:11'),
(567, 'ZAP', 'foo-bar@example.com', 'ZAP', '../WEB-INF/web.xml', '2018-06-06 12:35:11'),
(568, 'ZAP', 'foo-bar@example.com', 'ZAP', '..WEB-INFweb.xml', '2018-06-06 12:35:11'),
(569, 'ZAP', 'foo-bar@example.com', 'ZAP', '/../WEB-INF/web.xml', '2018-06-06 12:35:12'),
(570, 'ZAP', 'foo-bar@example.com', 'ZAP', '..WEB-INFweb.xml', '2018-06-06 12:35:12'),
(571, 'ZAP', 'foo-bar@example.com', 'ZAP', '../../WEB-INF/web.xml', '2018-06-06 12:35:12'),
(572, 'ZAP', 'foo-bar@example.com', 'ZAP', '....WEB-INFweb.xml', '2018-06-06 12:35:12'),
(573, 'ZAP', 'foo-bar@example.com', 'ZAP', '/../../WEB-INF/web.xml', '2018-06-06 12:35:13'),
(574, 'ZAP', 'foo-bar@example.com', 'ZAP', '....WEB-INFweb.xml', '2018-06-06 12:35:13'),
(575, 'ZAP', 'foo-bar@example.com', 'ZAP', 'thishouldnotexistandhopefullyitwillnot', '2018-06-06 12:35:13'),
(576, 'c:/Windows/system.ini', 'foo-bar@example.com', 'ZAP', '', '2018-06-06 12:35:13'),
(577, 'c:Windowssystem.ini', 'foo-bar@example.com', 'ZAP', '', '2018-06-06 12:35:14'),
(578, 'Windows/system.ini', 'foo-bar@example.com', 'ZAP', '', '2018-06-06 12:35:14'),
(579, 'Windowssystem.ini', 'foo-bar@example.com', 'ZAP', '', '2018-06-06 12:35:15'),
(580, '/etc/passwd', 'foo-bar@example.com', 'ZAP', '', '2018-06-06 12:35:15'),
(581, 'etc/passwd', 'foo-bar@example.com', 'ZAP', '', '2018-06-06 12:35:15'),
(582, 'WEB-INF/web.xml', 'foo-bar@example.com', 'ZAP', '', '2018-06-06 12:35:15'),
(583, 'WEB-INFweb.xml', 'foo-bar@example.com', 'ZAP', '', '2018-06-06 12:35:16'),
(584, '/WEB-INF/web.xml', 'foo-bar@example.com', 'ZAP', '', '2018-06-06 12:35:16'),
(585, 'WEB-INFweb.xml', 'foo-bar@example.com', 'ZAP', '', '2018-06-06 12:35:16'),
(586, '../WEB-INF/web.xml', 'foo-bar@example.com', 'ZAP', '', '2018-06-06 12:35:16'),
(587, '..WEB-INFweb.xml', 'foo-bar@example.com', 'ZAP', '', '2018-06-06 12:35:16'),
(588, '/../WEB-INF/web.xml', 'foo-bar@example.com', 'ZAP', '', '2018-06-06 12:35:16'),
(589, '..WEB-INFweb.xml', 'foo-bar@example.com', 'ZAP', '', '2018-06-06 12:35:17'),
(590, '../../WEB-INF/web.xml', 'foo-bar@example.com', 'ZAP', '', '2018-06-06 12:35:17'),
(591, '....WEB-INFweb.xml', 'foo-bar@example.com', 'ZAP', '', '2018-06-06 12:35:17'),
(592, '/../../WEB-INF/web.xml', 'foo-bar@example.com', 'ZAP', '', '2018-06-06 12:35:17'),
(593, '....WEB-INFweb.xml', 'foo-bar@example.com', 'ZAP', '', '2018-06-06 12:35:17'),
(594, 'ZAP', 'foo-bar@example.com', 'c:/Windows/system.ini', '', '2018-06-06 12:35:18'),
(595, 'ZAP', 'foo-bar@example.com', 'c:Windowssystem.ini', '', '2018-06-06 12:35:18'),
(596, 'ZAP', 'foo-bar@example.com', 'Windows/system.ini', '', '2018-06-06 12:35:19'),
(597, 'ZAP', 'foo-bar@example.com', 'Windowssystem.ini', '', '2018-06-06 12:35:20'),
(598, 'ZAP', 'foo-bar@example.com', '/etc/passwd', '', '2018-06-06 12:35:20'),
(599, 'ZAP', 'foo-bar@example.com', 'etc/passwd', '', '2018-06-06 12:35:20'),
(600, 'ZAP', 'foo-bar@example.com', 'WEB-INF/web.xml', '', '2018-06-06 12:35:21'),
(601, 'ZAP', 'foo-bar@example.com', 'WEB-INFweb.xml', '', '2018-06-06 12:35:21'),
(602, 'ZAP', 'foo-bar@example.com', '/WEB-INF/web.xml', '', '2018-06-06 12:35:21'),
(603, 'ZAP', 'foo-bar@example.com', 'WEB-INFweb.xml', '', '2018-06-06 12:35:21'),
(604, 'ZAP', 'foo-bar@example.com', '../WEB-INF/web.xml', '', '2018-06-06 12:35:21'),
(605, 'ZAP', 'foo-bar@example.com', '..WEB-INFweb.xml', '', '2018-06-06 12:35:21'),
(606, 'ZAP', 'foo-bar@example.com', '/../WEB-INF/web.xml', '', '2018-06-06 12:35:22'),
(607, 'ZAP', 'foo-bar@example.com', '..WEB-INFweb.xml', '', '2018-06-06 12:35:23'),
(608, 'ZAP', 'foo-bar@example.com', '../../WEB-INF/web.xml', '', '2018-06-06 12:35:23'),
(609, 'ZAP', 'foo-bar@example.com', '....WEB-INFweb.xml', '', '2018-06-06 12:35:23'),
(610, 'ZAP', 'foo-bar@example.com', '/../../WEB-INF/web.xml', '', '2018-06-06 12:35:23'),
(611, 'ZAP', 'foo-bar@example.com', '....WEB-INFweb.xml', '', '2018-06-06 12:35:23'),
(612, 'ZAP', 'foo-bar@example.com', 'ZAP', 'http://www.google.com/', '2018-06-06 12:36:56'),
(613, 'ZAP', 'foo-bar@example.com', 'ZAP', 'http://www.google.com:80/', '2018-06-06 12:36:56'),
(614, 'ZAP', 'foo-bar@example.com', 'ZAP', 'http://www.google.com', '2018-06-06 12:36:56'),
(615, 'ZAP', 'foo-bar@example.com', 'ZAP', 'http://www.google.com/search?q=OWASP%20ZAP', '2018-06-06 12:36:56'),
(616, 'ZAP', 'foo-bar@example.com', 'ZAP', 'http://www.google.com:80/search?q=OWASP%20ZAP', '2018-06-06 12:36:57'),
(617, 'ZAP', 'foo-bar@example.com', 'ZAP', 'www.google.com/', '2018-06-06 12:36:57'),
(618, 'ZAP', 'foo-bar@example.com', 'ZAP', 'www.google.com:80/', '2018-06-06 12:36:57'),
(619, 'ZAP', 'foo-bar@example.com', 'ZAP', 'www.google.com', '2018-06-06 12:36:57'),
(620, 'ZAP', 'foo-bar@example.com', 'ZAP', 'www.google.com/search?q=OWASP%20ZAP', '2018-06-06 12:36:57'),
(621, 'ZAP', 'foo-bar@example.com', 'ZAP', 'www.google.com:80/search?q=OWASP%20ZAP', '2018-06-06 12:36:57'),
(622, 'http://www.google.com/', 'foo-bar@example.com', 'ZAP', '', '2018-06-06 12:36:57'),
(623, 'http://www.google.com:80/', 'foo-bar@example.com', 'ZAP', '', '2018-06-06 12:36:58'),
(624, 'http://www.google.com', 'foo-bar@example.com', 'ZAP', '', '2018-06-06 12:36:58'),
(625, 'www.google.com/', 'foo-bar@example.com', 'ZAP', '', '2018-06-06 12:36:58'),
(626, 'www.google.com:80/', 'foo-bar@example.com', 'ZAP', '', '2018-06-06 12:36:58'),
(627, 'www.google.com', 'foo-bar@example.com', 'ZAP', '', '2018-06-06 12:36:58'),
(628, 'ZAP', 'foo-bar@example.com', 'http://www.google.com/', '', '2018-06-06 12:36:59'),
(629, 'ZAP', 'foo-bar@example.com', 'http://www.google.com:80/', '', '2018-06-06 12:36:59'),
(630, 'ZAP', 'foo-bar@example.com', 'http://www.google.com', '', '2018-06-06 12:36:59'),
(631, 'ZAP', 'foo-bar@example.com', 'www.google.com/', '', '2018-06-06 12:37:00'),
(632, 'ZAP', 'foo-bar@example.com', 'www.google.com:80/', '', '2018-06-06 12:37:00'),
(633, 'ZAP', 'foo-bar@example.com', 'www.google.com', '', '2018-06-06 12:37:00'),
(634, 'ZAP', 'foo-bar@example.com', 'ZAP', '<!--#EXEC cmd=\"ls /\"-->', '2018-06-06 12:37:30'),
(635, 'ZAP', 'foo-bar@example.com', 'ZAP', '\"><!--#EXEC cmd=\"ls /\"--><', '2018-06-06 12:37:31'),
(636, 'ZAP', 'foo-bar@example.com', 'ZAP', '<!--#EXEC cmd=\"dir \"-->', '2018-06-06 12:37:31'),
(637, 'ZAP', 'foo-bar@example.com', 'ZAP', '\"><!--#EXEC cmd=\"dir \"--><', '2018-06-06 12:37:31'),
(638, '<!--#EXEC cmd=\"ls /\"-->', 'foo-bar@example.com', 'ZAP', '', '2018-06-06 12:37:31'),
(639, '<!--#EXEC cmd=\"dir \"-->', 'foo-bar@example.com', 'ZAP', '', '2018-06-06 12:37:31'),
(640, 'ZAP', 'foo-bar@example.com', '<!--#EXEC cmd=\"ls /\"-->', '', '2018-06-06 12:37:31'),
(641, 'ZAP', 'foo-bar@example.com', '<!--#EXEC cmd=\"dir \"-->', '', '2018-06-06 12:37:32'),
(642, 'ZAP', 'foo-bar@example.com', 'ZAP', '0W45pz4p', '2018-06-06 12:37:44'),
(643, 'ZAP', 'foo-bar@example.com', 'ZAP', 'userMsg0W45pz4p', '2018-06-06 12:37:45'),
(644, '0W45pz4p', 'foo-bar@example.com', 'ZAP', '', '2018-06-06 12:37:45'),
(645, 'userName0W45pz4p', 'foo-bar@example.com', 'ZAP', '', '2018-06-06 12:37:45'),
(646, 'ZAP', 'foo-bar@example.com', '0W45pz4p', '', '2018-06-06 12:37:45'),
(647, 'ZAP', 'foo-bar@example.com', 'assunto0W45pz4p', '', '2018-06-06 12:37:45'),
(648, 'ZAP', 'foo-bar@example.com', 'ZAP', '\"', '2018-06-06 12:37:56'),
(649, 'ZAP', 'foo-bar@example.com', 'ZAP', '\"', '2018-06-06 12:37:56'),
(650, 'ZAP', 'foo-bar@example.com', 'ZAP', ';', '2018-06-06 12:37:56'),
(651, 'ZAP', 'foo-bar@example.com', 'ZAP', ';', '2018-06-06 12:37:56'),
(652, 'ZAP', 'foo-bar@example.com', 'ZAP', ')', '2018-06-06 12:37:56'),
(653, 'ZAP', 'foo-bar@example.com', 'ZAP', ')', '2018-06-06 12:37:56'),
(654, 'ZAP', 'foo-bar@example.com', 'ZAP', '', '2018-06-06 12:37:56'),
(655, 'ZAP', 'foo-bar@example.com', 'ZAP', '', '2018-06-06 12:37:57'),
(656, 'ZAP', 'foo-bar@example.com', 'ZAP', ' AND 1=1 -- ', '2018-06-06 12:37:57'),
(657, 'ZAP', 'foo-bar@example.com', 'ZAP', ' AND 1=2 -- ', '2018-06-06 12:37:57'),
(658, 'ZAP', 'foo-bar@example.com', 'ZAP', ' OR 1=1 -- ', '2018-06-06 12:37:57'),
(659, 'ZAP', 'foo-bar@example.com', 'ZAP', ' AND 1=2 -- ', '2018-06-06 12:37:57'),
(660, 'ZAP', 'foo-bar@example.com', 'ZAP', ' OR 1=1 -- ', '2018-06-06 12:37:57'),
(661, 'ZAP', 'foo-bar@example.com', 'ZAP', ' UNION ALL select NULL -- ', '2018-06-06 12:37:58'),
(662, 'ZAP', 'foo-bar@example.com', 'ZAP', '\" UNION ALL select NULL -- ', '2018-06-06 12:37:58'),
(663, 'ZAP', 'foo-bar@example.com', 'ZAP', ') UNION ALL select NULL -- ', '2018-06-06 12:37:58'),
(664, 'ZAP', 'foo-bar@example.com', 'ZAP', '', '2018-06-06 12:37:58'),
(665, '\"', 'foo-bar@example.com', 'ZAP', '', '2018-06-06 12:37:59'),
(666, 'ZAP\"', 'foo-bar@example.com', 'ZAP', '', '2018-06-06 12:37:59'),
(667, ';', 'foo-bar@example.com', 'ZAP', '', '2018-06-06 12:37:59'),
(668, 'ZAP;', 'foo-bar@example.com', 'ZAP', '', '2018-06-06 12:37:59'),
(669, ')', 'foo-bar@example.com', 'ZAP', '', '2018-06-06 12:37:59'),
(670, 'ZAP)', 'foo-bar@example.com', 'ZAP', '', '2018-06-06 12:37:59'),
(671, 'ZAP', 'foo-bar@example.com', 'ZAP', '', '2018-06-06 12:37:59'),
(672, 'ZAP', 'foo-bar@example.com', 'ZAP', '', '2018-06-06 12:38:00'),
(673, 'ZAP AND 1=1 -- ', 'foo-bar@example.com', 'ZAP', '', '2018-06-06 12:38:00'),
(674, 'ZAP AND 1=2 -- ', 'foo-bar@example.com', 'ZAP', '', '2018-06-06 12:38:00'),
(675, 'ZAP OR 1=1 -- ', 'foo-bar@example.com', 'ZAP', '', '2018-06-06 12:38:00'),
(676, 'ZAP AND 1=2 -- ', 'foo-bar@example.com', 'ZAP', '', '2018-06-06 12:38:00'),
(677, 'ZAP OR 1=1 -- ', 'foo-bar@example.com', 'ZAP', '', '2018-06-06 12:38:00'),
(678, 'ZAP', 'foo-bar@example.com', 'ZAP', '', '2018-06-06 12:38:01'),
(679, 'ZAP', 'foo-bar@example.com', '\"', '', '2018-06-06 12:38:02'),
(680, 'ZAP', 'foo-bar@example.com', 'ZAP\"', '', '2018-06-06 12:38:02'),
(681, 'ZAP', 'foo-bar@example.com', ';', '', '2018-06-06 12:38:02'),
(682, 'ZAP', 'foo-bar@example.com', 'ZAP;', '', '2018-06-06 12:38:02'),
(683, 'ZAP', 'foo-bar@example.com', ')', '', '2018-06-06 12:38:02'),
(684, 'ZAP', 'foo-bar@example.com', 'ZAP)', '', '2018-06-06 12:38:02'),
(685, 'ZAP', 'foo-bar@example.com', 'ZAP', '', '2018-06-06 12:38:02'),
(686, 'ZAP', 'foo-bar@example.com', 'ZAP', '', '2018-06-06 12:38:03'),
(687, 'ZAP', 'foo-bar@example.com', 'ZAP AND 1=1 -- ', '', '2018-06-06 12:38:03'),
(688, 'ZAP', 'foo-bar@example.com', 'ZAP AND 1=2 -- ', '', '2018-06-06 12:38:03'),
(689, 'ZAP', 'foo-bar@example.com', 'ZAP OR 1=1 -- ', '', '2018-06-06 12:38:03'),
(690, 'ZAP', 'foo-bar@example.com', 'ZAP AND 1=2 -- ', '', '2018-06-06 12:38:03'),
(691, 'ZAP', 'foo-bar@example.com', 'ZAP OR 1=1 -- ', '', '2018-06-06 12:38:03'),
(692, 'ZAP', 'foo-bar@example.com', 'ZAP', '', '2018-06-06 12:38:04'),
(693, 'ZAP', 'foo-bar@example.com', 'ZAP', '', '2018-06-06 12:38:06'),
(694, 'ZAP', 'foo-bar@example.com', 'ZAP', '', '2018-06-06 12:38:06'),
(695, 'ZAP', 'foo-bar@example.com', 'ZAP', '', '2018-06-06 12:38:08'),
(696, 'ZAP', 'foo-bar@example.com', 'ZAP', '\";print(chr(122).chr(97).chr(112).chr(95).chr(116).chr(111).chr(107).chr(101).chr(110));$var=\"', '2018-06-06 12:39:12'),
(697, 'ZAP', 'foo-bar@example.com', 'ZAP', '${@print(chr(122).chr(97).chr(112).chr(95).chr(116).chr(111).chr(107).chr(101).chr(110))}', '2018-06-06 12:39:12'),
(698, 'ZAP', 'foo-bar@example.com', 'ZAP', ';print(chr(122).chr(97).chr(112).chr(95).chr(116).chr(111).chr(107).chr(101).chr(110));', '2018-06-06 12:39:12'),
(699, 'ZAP', 'foo-bar@example.com', 'ZAP', '\"+response.write([100.000*100.000)+\"', '2018-06-06 12:39:12'),
(700, 'ZAP', 'foo-bar@example.com', 'ZAP', '+response.write({0}*{1})+', '2018-06-06 12:39:13'),
(701, 'ZAP', 'foo-bar@example.com', 'ZAP', 'response.write(100.000*100.000)', '2018-06-06 12:39:13'),
(702, '+response.write({0}*{1})+', 'foo-bar@example.com', 'ZAP', '', '2018-06-06 12:39:14'),
(703, 'ZAP', 'foo-bar@example.com', '+response.write({0}*{1})+', '', '2018-06-06 12:39:15'),
(704, 'ZAP', 'foo-bar@example.com', 'ZAP', '&cat /etc/passwd&', '2018-06-06 12:39:39'),
(705, 'ZAP', 'foo-bar@example.com', 'ZAP', ';cat /etc/passwd;', '2018-06-06 12:39:39'),
(706, 'ZAP', 'foo-bar@example.com', 'ZAP', '\"&cat /etc/passwd&\"', '2018-06-06 12:39:39'),
(707, 'ZAP', 'foo-bar@example.com', 'ZAP', '\";cat /etc/passwd;\"', '2018-06-06 12:39:39'),
(708, 'ZAP', 'foo-bar@example.com', 'ZAP', '&sleep 5s&', '2018-06-06 12:39:40'),
(709, 'ZAP', 'foo-bar@example.com', 'ZAP', ';sleep 5s;', '2018-06-06 12:39:40'),
(710, 'ZAP', 'foo-bar@example.com', 'ZAP', '\"&sleep 5s&\"', '2018-06-06 12:39:40'),
(711, 'ZAP', 'foo-bar@example.com', 'ZAP', '\";sleep 5s;\"', '2018-06-06 12:39:40'),
(712, 'ZAP', 'foo-bar@example.com', 'ZAP', '&sleep {0}s&', '2018-06-06 12:39:40'),
(713, 'ZAP', 'foo-bar@example.com', 'ZAP', ';sleep {0}s;', '2018-06-06 12:39:40');
INSERT INTO `mens_contato` (`idMensContato`, `nome`, `email`, `assunto`, `mensagem`, `data_hora`) VALUES
(714, 'ZAP', 'foo-bar@example.com', 'ZAP', '&type %SYSTEMROOT%win.ini', '2018-06-06 12:39:40'),
(715, 'ZAP', 'foo-bar@example.com', 'ZAP', '|type %SYSTEMROOT%win.ini', '2018-06-06 12:39:40'),
(716, 'ZAP', 'foo-bar@example.com', 'ZAP', '\"&type %SYSTEMROOT%win.ini&\"', '2018-06-06 12:39:41'),
(717, 'ZAP', 'foo-bar@example.com', 'ZAP', '\"|type %SYSTEMROOT%win.ini', '2018-06-06 12:39:41'),
(718, 'ZAP', 'foo-bar@example.com', 'ZAP', '&timeout /T 5', '2018-06-06 12:39:41'),
(719, 'ZAP', 'foo-bar@example.com', 'ZAP', '|timeout /T 5', '2018-06-06 12:39:41'),
(720, 'ZAP', 'foo-bar@example.com', 'ZAP', '\"&timeout /T 5&\"', '2018-06-06 12:39:41'),
(721, 'ZAP', 'foo-bar@example.com', 'ZAP', '\"|timeout /T 5', '2018-06-06 12:39:42'),
(722, 'ZAP', 'foo-bar@example.com', 'ZAP', '&timeout /T {0}&', '2018-06-06 12:39:42'),
(723, 'ZAP', 'foo-bar@example.com', 'ZAP', '|timeout /T {0}', '2018-06-06 12:39:42'),
(724, 'ZAP&cat /etc/passwd&', 'foo-bar@example.com', 'ZAP', '', '2018-06-06 12:39:42'),
(725, 'ZAP;cat /etc/passwd;', 'foo-bar@example.com', 'ZAP', '', '2018-06-06 12:39:42'),
(726, 'ZAP\"&cat /etc/passwd&\"', 'foo-bar@example.com', 'ZAP', '', '2018-06-06 12:39:42'),
(727, 'ZAP\";cat /etc/passwd;\"', 'foo-bar@example.com', 'ZAP', '', '2018-06-06 12:39:42'),
(728, 'ZAP&sleep 5s&', 'foo-bar@example.com', 'ZAP', '', '2018-06-06 12:39:43'),
(729, 'ZAP;sleep 5s;', 'foo-bar@example.com', 'ZAP', '', '2018-06-06 12:39:43'),
(730, 'ZAP\"&sleep 5s&\"', 'foo-bar@example.com', 'ZAP', '', '2018-06-06 12:39:43'),
(731, 'ZAP\";sleep 5s;\"', 'foo-bar@example.com', 'ZAP', '', '2018-06-06 12:39:43'),
(732, 'ZAP&sleep {0}s&', 'foo-bar@example.com', 'ZAP', '', '2018-06-06 12:39:43'),
(733, 'ZAP;sleep {0}s;', 'foo-bar@example.com', 'ZAP', '', '2018-06-06 12:39:43'),
(734, 'ZAP&timeout /T 5', 'foo-bar@example.com', 'ZAP', '', '2018-06-06 12:39:44'),
(735, 'ZAP|timeout /T 5', 'foo-bar@example.com', 'ZAP', '', '2018-06-06 12:39:44'),
(736, 'ZAP\"&timeout /T 5&\"', 'foo-bar@example.com', 'ZAP', '', '2018-06-06 12:39:45'),
(737, 'ZAP\"|timeout /T 5', 'foo-bar@example.com', 'ZAP', '', '2018-06-06 12:39:45'),
(738, 'ZAP&timeout /T {0}&', 'foo-bar@example.com', 'ZAP', '', '2018-06-06 12:39:45'),
(739, 'ZAP|timeout /T {0}', 'foo-bar@example.com', 'ZAP', '', '2018-06-06 12:39:45'),
(740, 'ZAP', 'foo-bar@example.com', 'ZAP&cat /etc/passwd&', '', '2018-06-06 12:39:45'),
(741, 'ZAP', 'foo-bar@example.com', 'ZAP;cat /etc/passwd;', '', '2018-06-06 12:39:45'),
(742, 'ZAP', 'foo-bar@example.com', 'ZAP\"&cat /etc/passwd&\"', '', '2018-06-06 12:39:45'),
(743, 'ZAP', 'foo-bar@example.com', 'ZAP\";cat /etc/passwd;\"', '', '2018-06-06 12:39:45'),
(744, 'ZAP', 'foo-bar@example.com', 'ZAP&sleep 5s&', '', '2018-06-06 12:39:46'),
(745, 'ZAP', 'foo-bar@example.com', 'ZAP;sleep 5s;', '', '2018-06-06 12:39:46'),
(746, 'ZAP', 'foo-bar@example.com', 'ZAP\"&sleep 5s&\"', '', '2018-06-06 12:39:46'),
(747, 'ZAP', 'foo-bar@example.com', 'ZAP\";sleep 5s;\"', '', '2018-06-06 12:39:46'),
(748, 'ZAP', 'foo-bar@example.com', 'ZAP&sleep {0}s&', '', '2018-06-06 12:39:46'),
(749, 'ZAP', 'foo-bar@example.com', 'ZAP;sleep {0}s;', '', '2018-06-06 12:39:47'),
(750, 'ZAP', 'foo-bar@example.com', 'ZAP&timeout /T 5', '', '2018-06-06 12:39:47'),
(751, 'ZAP', 'foo-bar@example.com', 'ZAP|timeout /T 5', '', '2018-06-06 12:39:48'),
(752, 'ZAP', 'foo-bar@example.com', 'ZAP\"&timeout /T 5&\"', '', '2018-06-06 12:39:48'),
(753, 'ZAP', 'foo-bar@example.com', 'ZAP\"|timeout /T 5', '', '2018-06-06 12:39:48'),
(754, 'ZAP', 'foo-bar@example.com', 'ZAP&timeout /T {0}&', '', '2018-06-06 12:39:48'),
(755, 'ZAP', 'foo-bar@example.com', 'ZAP|timeout /T {0}', '', '2018-06-06 12:39:48'),
(756, 'ZAP', 'foo-bar@example.com', 'ZAP', '', '2018-06-06 12:45:55'),
(757, 'ZAP', 'foo-bar@example.com', 'ZAP', 'c:/Windows/system.ini', '2018-06-06 12:46:01'),
(758, 'ZAP', 'foo-bar@example.com', 'ZAP', 'c:Windowssystem.ini', '2018-06-06 12:46:01'),
(759, 'ZAP', 'foo-bar@example.com', 'ZAP', '../../../../../../../../../../../../../../../../Windows/system.ini', '2018-06-06 12:46:01'),
(760, 'ZAP', 'foo-bar@example.com', 'ZAP', '................................Windowssystem.ini', '2018-06-06 12:46:01'),
(761, 'ZAP', 'foo-bar@example.com', 'ZAP', '/../../../../../../../../../../../../../../../../Windows/system.ini', '2018-06-06 12:46:01'),
(762, 'ZAP', 'foo-bar@example.com', 'ZAP', '................................Windowssystem.ini', '2018-06-06 12:46:02'),
(763, 'ZAP', 'foo-bar@example.com', 'ZAP', 'Windows/system.ini', '2018-06-06 12:46:02'),
(764, 'ZAP', 'foo-bar@example.com', 'ZAP', 'Windowssystem.ini', '2018-06-06 12:46:02'),
(765, 'ZAP', 'foo-bar@example.com', 'ZAP', '/etc/passwd', '2018-06-06 12:46:02'),
(766, 'ZAP', 'foo-bar@example.com', 'ZAP', '../../../../../../../../../../../../../../../../etc/passwd', '2018-06-06 12:46:02'),
(767, 'ZAP', 'foo-bar@example.com', 'ZAP', '/../../../../../../../../../../../../../../../../etc/passwd', '2018-06-06 12:46:02'),
(768, 'ZAP', 'foo-bar@example.com', 'ZAP', 'etc/passwd', '2018-06-06 12:46:02'),
(769, 'ZAP', 'foo-bar@example.com', 'ZAP', 'WEB-INF/web.xml', '2018-06-06 12:46:03'),
(770, 'ZAP', 'foo-bar@example.com', 'ZAP', 'WEB-INFweb.xml', '2018-06-06 12:46:03'),
(771, 'ZAP', 'foo-bar@example.com', 'ZAP', '/WEB-INF/web.xml', '2018-06-06 12:46:03'),
(772, 'ZAP', 'foo-bar@example.com', 'ZAP', 'WEB-INFweb.xml', '2018-06-06 12:46:03'),
(773, 'ZAP', 'foo-bar@example.com', 'ZAP', '../WEB-INF/web.xml', '2018-06-06 12:46:03'),
(774, 'ZAP', 'foo-bar@example.com', 'ZAP', '..WEB-INFweb.xml', '2018-06-06 12:46:03'),
(775, 'ZAP', 'foo-bar@example.com', 'ZAP', '/../WEB-INF/web.xml', '2018-06-06 12:46:04'),
(776, 'ZAP', 'foo-bar@example.com', 'ZAP', '..WEB-INFweb.xml', '2018-06-06 12:46:04'),
(777, 'ZAP', 'foo-bar@example.com', 'ZAP', '../../WEB-INF/web.xml', '2018-06-06 12:46:04'),
(778, 'ZAP', 'foo-bar@example.com', 'ZAP', '....WEB-INFweb.xml', '2018-06-06 12:46:04'),
(779, 'ZAP', 'foo-bar@example.com', 'ZAP', '/../../WEB-INF/web.xml', '2018-06-06 12:46:04'),
(780, 'ZAP', 'foo-bar@example.com', 'ZAP', '....WEB-INFweb.xml', '2018-06-06 12:46:04'),
(781, 'ZAP', 'foo-bar@example.com', 'ZAP', 'thishouldnotexistandhopefullyitwillnot', '2018-06-06 12:46:04'),
(782, 'c:/Windows/system.ini', 'foo-bar@example.com', 'ZAP', '', '2018-06-06 12:46:05'),
(783, 'c:Windowssystem.ini', 'foo-bar@example.com', 'ZAP', '', '2018-06-06 12:46:05'),
(784, 'Windows/system.ini', 'foo-bar@example.com', 'ZAP', '', '2018-06-06 12:46:05'),
(785, 'Windowssystem.ini', 'foo-bar@example.com', 'ZAP', '', '2018-06-06 12:46:06'),
(786, '/etc/passwd', 'foo-bar@example.com', 'ZAP', '', '2018-06-06 12:46:06'),
(787, 'etc/passwd', 'foo-bar@example.com', 'ZAP', '', '2018-06-06 12:46:06'),
(788, 'WEB-INF/web.xml', 'foo-bar@example.com', 'ZAP', '', '2018-06-06 12:46:06'),
(789, 'WEB-INFweb.xml', 'foo-bar@example.com', 'ZAP', '', '2018-06-06 12:46:06'),
(790, '/WEB-INF/web.xml', 'foo-bar@example.com', 'ZAP', '', '2018-06-06 12:46:07'),
(791, 'WEB-INFweb.xml', 'foo-bar@example.com', 'ZAP', '', '2018-06-06 12:46:07'),
(792, '../WEB-INF/web.xml', 'foo-bar@example.com', 'ZAP', '', '2018-06-06 12:46:07'),
(793, '..WEB-INFweb.xml', 'foo-bar@example.com', 'ZAP', '', '2018-06-06 12:46:07'),
(794, '/../WEB-INF/web.xml', 'foo-bar@example.com', 'ZAP', '', '2018-06-06 12:46:07'),
(795, '..WEB-INFweb.xml', 'foo-bar@example.com', 'ZAP', '', '2018-06-06 12:46:07'),
(796, '../../WEB-INF/web.xml', 'foo-bar@example.com', 'ZAP', '', '2018-06-06 12:46:07'),
(797, '....WEB-INFweb.xml', 'foo-bar@example.com', 'ZAP', '', '2018-06-06 12:46:08'),
(798, '/../../WEB-INF/web.xml', 'foo-bar@example.com', 'ZAP', '', '2018-06-06 12:46:08'),
(799, '....WEB-INFweb.xml', 'foo-bar@example.com', 'ZAP', '', '2018-06-06 12:46:08'),
(800, 'ZAP', 'foo-bar@example.com', 'c:/Windows/system.ini', '', '2018-06-06 12:46:08'),
(801, 'ZAP', 'foo-bar@example.com', 'c:Windowssystem.ini', '', '2018-06-06 12:46:08'),
(802, 'ZAP', 'foo-bar@example.com', 'Windows/system.ini', '', '2018-06-06 12:46:09'),
(803, 'ZAP', 'foo-bar@example.com', 'Windowssystem.ini', '', '2018-06-06 12:46:09'),
(804, 'ZAP', 'foo-bar@example.com', '/etc/passwd', '', '2018-06-06 12:46:09'),
(805, 'ZAP', 'foo-bar@example.com', 'etc/passwd', '', '2018-06-06 12:46:10'),
(806, 'ZAP', 'foo-bar@example.com', 'WEB-INF/web.xml', '', '2018-06-06 12:46:10'),
(807, 'ZAP', 'foo-bar@example.com', 'WEB-INFweb.xml', '', '2018-06-06 12:46:10'),
(808, 'ZAP', 'foo-bar@example.com', '/WEB-INF/web.xml', '', '2018-06-06 12:46:10'),
(809, 'ZAP', 'foo-bar@example.com', 'WEB-INFweb.xml', '', '2018-06-06 12:46:10'),
(810, 'ZAP', 'foo-bar@example.com', '../WEB-INF/web.xml', '', '2018-06-06 12:46:10'),
(811, 'ZAP', 'foo-bar@example.com', '..WEB-INFweb.xml', '', '2018-06-06 12:46:11'),
(812, 'ZAP', 'foo-bar@example.com', '/../WEB-INF/web.xml', '', '2018-06-06 12:46:11'),
(813, 'ZAP', 'foo-bar@example.com', '..WEB-INFweb.xml', '', '2018-06-06 12:46:11'),
(814, 'ZAP', 'foo-bar@example.com', '../../WEB-INF/web.xml', '', '2018-06-06 12:46:11'),
(815, 'ZAP', 'foo-bar@example.com', '....WEB-INFweb.xml', '', '2018-06-06 12:46:11'),
(816, 'ZAP', 'foo-bar@example.com', '/../../WEB-INF/web.xml', '', '2018-06-06 12:46:11'),
(817, 'ZAP', 'foo-bar@example.com', '....WEB-INFweb.xml', '', '2018-06-06 12:46:11'),
(818, 'ZAP', 'foo-bar@example.com', 'ZAP', 'http://www.google.com/', '2018-06-06 12:47:33'),
(819, 'ZAP', 'foo-bar@example.com', 'ZAP', 'http://www.google.com:80/', '2018-06-06 12:47:33'),
(820, 'ZAP', 'foo-bar@example.com', 'ZAP', 'http://www.google.com', '2018-06-06 12:47:33'),
(821, 'ZAP', 'foo-bar@example.com', 'ZAP', 'http://www.google.com/search?q=OWASP%20ZAP', '2018-06-06 12:47:33'),
(822, 'ZAP', 'foo-bar@example.com', 'ZAP', 'http://www.google.com:80/search?q=OWASP%20ZAP', '2018-06-06 12:47:33'),
(823, 'ZAP', 'foo-bar@example.com', 'ZAP', 'www.google.com/', '2018-06-06 12:47:34'),
(824, 'ZAP', 'foo-bar@example.com', 'ZAP', 'www.google.com:80/', '2018-06-06 12:47:34'),
(825, 'ZAP', 'foo-bar@example.com', 'ZAP', 'www.google.com', '2018-06-06 12:47:34'),
(826, 'ZAP', 'foo-bar@example.com', 'ZAP', 'www.google.com/search?q=OWASP%20ZAP', '2018-06-06 12:47:34'),
(827, 'ZAP', 'foo-bar@example.com', 'ZAP', 'www.google.com:80/search?q=OWASP%20ZAP', '2018-06-06 12:47:34'),
(828, 'http://www.google.com/', 'foo-bar@example.com', 'ZAP', '', '2018-06-06 12:47:34'),
(829, 'http://www.google.com:80/', 'foo-bar@example.com', 'ZAP', '', '2018-06-06 12:47:35'),
(830, 'http://www.google.com', 'foo-bar@example.com', 'ZAP', '', '2018-06-06 12:47:35'),
(831, 'www.google.com/', 'foo-bar@example.com', 'ZAP', '', '2018-06-06 12:47:35'),
(832, 'www.google.com:80/', 'foo-bar@example.com', 'ZAP', '', '2018-06-06 12:47:35'),
(833, 'www.google.com', 'foo-bar@example.com', 'ZAP', '', '2018-06-06 12:47:35'),
(834, 'ZAP', 'foo-bar@example.com', 'http://www.google.com/', '', '2018-06-06 12:47:36'),
(835, 'ZAP', 'foo-bar@example.com', 'http://www.google.com:80/', '', '2018-06-06 12:47:36'),
(836, 'ZAP', 'foo-bar@example.com', 'http://www.google.com', '', '2018-06-06 12:47:36'),
(837, 'ZAP', 'foo-bar@example.com', 'www.google.com/', '', '2018-06-06 12:47:36'),
(838, 'ZAP', 'foo-bar@example.com', 'www.google.com:80/', '', '2018-06-06 12:47:36'),
(839, 'ZAP', 'foo-bar@example.com', 'www.google.com', '', '2018-06-06 12:47:37'),
(840, 'ZAP', 'foo-bar@example.com', 'ZAP', '<!--#EXEC cmd=\"ls /\"-->', '2018-06-06 12:48:07'),
(841, 'ZAP', 'foo-bar@example.com', 'ZAP', '\"><!--#EXEC cmd=\"ls /\"--><', '2018-06-06 12:48:07'),
(842, 'ZAP', 'foo-bar@example.com', 'ZAP', '<!--#EXEC cmd=\"dir \"-->', '2018-06-06 12:48:07'),
(843, 'ZAP', 'foo-bar@example.com', 'ZAP', '\"><!--#EXEC cmd=\"dir \"--><', '2018-06-06 12:48:07'),
(844, '<!--#EXEC cmd=\"ls /\"-->', 'foo-bar@example.com', 'ZAP', '', '2018-06-06 12:48:07'),
(845, '<!--#EXEC cmd=\"dir \"-->', 'foo-bar@example.com', 'ZAP', '', '2018-06-06 12:48:08'),
(846, 'ZAP', 'foo-bar@example.com', '<!--#EXEC cmd=\"ls /\"-->', '', '2018-06-06 12:48:08'),
(847, 'ZAP', 'foo-bar@example.com', '<!--#EXEC cmd=\"dir \"-->', '', '2018-06-06 12:48:08'),
(848, 'ZAP', 'foo-bar@example.com', 'ZAP', '0W45pz4p', '2018-06-06 12:48:21'),
(849, 'ZAP', 'foo-bar@example.com', 'ZAP', 'userMsg0W45pz4p', '2018-06-06 12:48:21'),
(850, '0W45pz4p', 'foo-bar@example.com', 'ZAP', '', '2018-06-06 12:48:21'),
(851, 'userName0W45pz4p', 'foo-bar@example.com', 'ZAP', '', '2018-06-06 12:48:21'),
(852, 'ZAP', 'foo-bar@example.com', '0W45pz4p', '', '2018-06-06 12:48:22'),
(853, 'ZAP', 'foo-bar@example.com', 'assunto0W45pz4p', '', '2018-06-06 12:48:22'),
(854, 'ZAP', 'foo-bar@example.com', 'ZAP', '\"', '2018-06-06 12:48:31'),
(855, 'ZAP', 'foo-bar@example.com', 'ZAP', '\"', '2018-06-06 12:48:31'),
(856, 'ZAP', 'foo-bar@example.com', 'ZAP', ';', '2018-06-06 12:48:31'),
(857, 'ZAP', 'foo-bar@example.com', 'ZAP', ';', '2018-06-06 12:48:31'),
(858, 'ZAP', 'foo-bar@example.com', 'ZAP', ')', '2018-06-06 12:48:31'),
(859, 'ZAP', 'foo-bar@example.com', 'ZAP', ')', '2018-06-06 12:48:31'),
(860, 'ZAP', 'foo-bar@example.com', 'ZAP', '', '2018-06-06 12:48:32'),
(861, 'ZAP', 'foo-bar@example.com', 'ZAP', '', '2018-06-06 12:48:32'),
(862, 'ZAP', 'foo-bar@example.com', 'ZAP', ' AND 1=1 -- ', '2018-06-06 12:48:32'),
(863, 'ZAP', 'foo-bar@example.com', 'ZAP', ' AND 1=2 -- ', '2018-06-06 12:48:32'),
(864, 'ZAP', 'foo-bar@example.com', 'ZAP', ' OR 1=1 -- ', '2018-06-06 12:48:32'),
(865, 'ZAP', 'foo-bar@example.com', 'ZAP', ' AND 1=2 -- ', '2018-06-06 12:48:32'),
(866, 'ZAP', 'foo-bar@example.com', 'ZAP', ' OR 1=1 -- ', '2018-06-06 12:48:32'),
(867, 'ZAP', 'foo-bar@example.com', 'ZAP', ' UNION ALL select NULL -- ', '2018-06-06 12:48:33'),
(868, 'ZAP', 'foo-bar@example.com', 'ZAP', '\" UNION ALL select NULL -- ', '2018-06-06 12:48:33'),
(869, 'ZAP', 'foo-bar@example.com', 'ZAP', ') UNION ALL select NULL -- ', '2018-06-06 12:48:33'),
(870, 'ZAP', 'foo-bar@example.com', 'ZAP', '', '2018-06-06 12:48:33'),
(871, '\"', 'foo-bar@example.com', 'ZAP', '', '2018-06-06 12:48:34'),
(872, 'ZAP\"', 'foo-bar@example.com', 'ZAP', '', '2018-06-06 12:48:34'),
(873, ';', 'foo-bar@example.com', 'ZAP', '', '2018-06-06 12:48:34'),
(874, 'ZAP;', 'foo-bar@example.com', 'ZAP', '', '2018-06-06 12:48:34'),
(875, ')', 'foo-bar@example.com', 'ZAP', '', '2018-06-06 12:48:34'),
(876, 'ZAP)', 'foo-bar@example.com', 'ZAP', '', '2018-06-06 12:48:34'),
(877, 'ZAP', 'foo-bar@example.com', 'ZAP', '', '2018-06-06 12:48:35'),
(878, 'ZAP', 'foo-bar@example.com', 'ZAP', '', '2018-06-06 12:48:35'),
(879, 'ZAP AND 1=1 -- ', 'foo-bar@example.com', 'ZAP', '', '2018-06-06 12:48:35'),
(880, 'ZAP AND 1=2 -- ', 'foo-bar@example.com', 'ZAP', '', '2018-06-06 12:48:35'),
(881, 'ZAP OR 1=1 -- ', 'foo-bar@example.com', 'ZAP', '', '2018-06-06 12:48:35'),
(882, 'ZAP AND 1=2 -- ', 'foo-bar@example.com', 'ZAP', '', '2018-06-06 12:48:35'),
(883, 'ZAP OR 1=1 -- ', 'foo-bar@example.com', 'ZAP', '', '2018-06-06 12:48:35'),
(884, 'ZAP', 'foo-bar@example.com', 'ZAP', '', '2018-06-06 12:48:36'),
(885, 'ZAP', 'foo-bar@example.com', '\"', '', '2018-06-06 12:48:37'),
(886, 'ZAP', 'foo-bar@example.com', 'ZAP\"', '', '2018-06-06 12:48:37'),
(887, 'ZAP', 'foo-bar@example.com', ';', '', '2018-06-06 12:48:37'),
(888, 'ZAP', 'foo-bar@example.com', 'ZAP;', '', '2018-06-06 12:48:37'),
(889, 'ZAP', 'foo-bar@example.com', ')', '', '2018-06-06 12:48:37'),
(890, 'ZAP', 'foo-bar@example.com', 'ZAP)', '', '2018-06-06 12:48:37'),
(891, 'ZAP', 'foo-bar@example.com', 'ZAP', '', '2018-06-06 12:48:37'),
(892, 'ZAP', 'foo-bar@example.com', 'ZAP', '', '2018-06-06 12:48:38'),
(893, 'ZAP', 'foo-bar@example.com', 'ZAP AND 1=1 -- ', '', '2018-06-06 12:48:38'),
(894, 'ZAP', 'foo-bar@example.com', 'ZAP AND 1=2 -- ', '', '2018-06-06 12:48:38'),
(895, 'ZAP', 'foo-bar@example.com', 'ZAP OR 1=1 -- ', '', '2018-06-06 12:48:38'),
(896, 'ZAP', 'foo-bar@example.com', 'ZAP AND 1=2 -- ', '', '2018-06-06 12:48:38'),
(897, 'ZAP', 'foo-bar@example.com', 'ZAP OR 1=1 -- ', '', '2018-06-06 12:48:38'),
(898, 'ZAP', 'foo-bar@example.com', 'ZAP', '', '2018-06-06 12:48:39'),
(899, 'ZAP', 'foo-bar@example.com', 'ZAP', '', '2018-06-06 12:48:40'),
(900, 'ZAP', 'foo-bar@example.com', 'ZAP', '', '2018-06-06 12:48:40'),
(901, 'ZAP', 'foo-bar@example.com', 'ZAP', '', '2018-06-06 12:48:42'),
(902, 'ZAP', 'foo-bar@example.com', 'ZAP', '\";print(chr(122).chr(97).chr(112).chr(95).chr(116).chr(111).chr(107).chr(101).chr(110));$var=\"', '2018-06-06 12:49:46'),
(903, 'ZAP', 'foo-bar@example.com', 'ZAP', '${@print(chr(122).chr(97).chr(112).chr(95).chr(116).chr(111).chr(107).chr(101).chr(110))}', '2018-06-06 12:49:47'),
(904, 'ZAP', 'foo-bar@example.com', 'ZAP', ';print(chr(122).chr(97).chr(112).chr(95).chr(116).chr(111).chr(107).chr(101).chr(110));', '2018-06-06 12:49:47'),
(905, 'ZAP', 'foo-bar@example.com', 'ZAP', '\"+response.write([100.000*100.000)+\"', '2018-06-06 12:49:47'),
(906, 'ZAP', 'foo-bar@example.com', 'ZAP', '+response.write({0}*{1})+', '2018-06-06 12:49:47'),
(907, 'ZAP', 'foo-bar@example.com', 'ZAP', 'response.write(100.000*100.000)', '2018-06-06 12:49:47'),
(908, '+response.write({0}*{1})+', 'foo-bar@example.com', 'ZAP', '', '2018-06-06 12:49:48'),
(909, 'ZAP', 'foo-bar@example.com', '+response.write({0}*{1})+', '', '2018-06-06 12:49:49'),
(910, 'ZAP', 'foo-bar@example.com', 'ZAP', '&cat /etc/passwd&', '2018-06-06 12:50:13'),
(911, 'ZAP', 'foo-bar@example.com', 'ZAP', ';cat /etc/passwd;', '2018-06-06 12:50:13'),
(912, 'ZAP', 'foo-bar@example.com', 'ZAP', '\"&cat /etc/passwd&\"', '2018-06-06 12:50:13'),
(913, 'ZAP', 'foo-bar@example.com', 'ZAP', '\";cat /etc/passwd;\"', '2018-06-06 12:50:13'),
(914, 'ZAP', 'foo-bar@example.com', 'ZAP', '&sleep 5s&', '2018-06-06 12:50:14'),
(915, 'ZAP', 'foo-bar@example.com', 'ZAP', ';sleep 5s;', '2018-06-06 12:50:14'),
(916, 'ZAP', 'foo-bar@example.com', 'ZAP', '\"&sleep 5s&\"', '2018-06-06 12:50:14'),
(917, 'ZAP', 'foo-bar@example.com', 'ZAP', '\";sleep 5s;\"', '2018-06-06 12:50:14'),
(918, 'ZAP', 'foo-bar@example.com', 'ZAP', '&sleep {0}s&', '2018-06-06 12:50:14'),
(919, 'ZAP', 'foo-bar@example.com', 'ZAP', ';sleep {0}s;', '2018-06-06 12:50:14'),
(920, 'ZAP', 'foo-bar@example.com', 'ZAP', '&type %SYSTEMROOT%win.ini', '2018-06-06 12:50:15'),
(921, 'ZAP', 'foo-bar@example.com', 'ZAP', '|type %SYSTEMROOT%win.ini', '2018-06-06 12:50:15'),
(922, 'ZAP', 'foo-bar@example.com', 'ZAP', '\"&type %SYSTEMROOT%win.ini&\"', '2018-06-06 12:50:15'),
(923, 'ZAP', 'foo-bar@example.com', 'ZAP', '\"|type %SYSTEMROOT%win.ini', '2018-06-06 12:50:15'),
(924, 'ZAP', 'foo-bar@example.com', 'ZAP', '&timeout /T 5', '2018-06-06 12:50:15'),
(925, 'ZAP', 'foo-bar@example.com', 'ZAP', '|timeout /T 5', '2018-06-06 12:50:15'),
(926, 'ZAP', 'foo-bar@example.com', 'ZAP', '\"&timeout /T 5&\"', '2018-06-06 12:50:16'),
(927, 'ZAP', 'foo-bar@example.com', 'ZAP', '\"|timeout /T 5', '2018-06-06 12:50:16'),
(928, 'ZAP', 'foo-bar@example.com', 'ZAP', '&timeout /T {0}&', '2018-06-06 12:50:16'),
(929, 'ZAP', 'foo-bar@example.com', 'ZAP', '|timeout /T {0}', '2018-06-06 12:50:16'),
(930, 'ZAP&cat /etc/passwd&', 'foo-bar@example.com', 'ZAP', '', '2018-06-06 12:50:16'),
(931, 'ZAP;cat /etc/passwd;', 'foo-bar@example.com', 'ZAP', '', '2018-06-06 12:50:16'),
(932, 'ZAP\"&cat /etc/passwd&\"', 'foo-bar@example.com', 'ZAP', '', '2018-06-06 12:50:16'),
(933, 'ZAP\";cat /etc/passwd;\"', 'foo-bar@example.com', 'ZAP', '', '2018-06-06 12:50:17'),
(934, 'ZAP&sleep 5s&', 'foo-bar@example.com', 'ZAP', '', '2018-06-06 12:50:17'),
(935, 'ZAP;sleep 5s;', 'foo-bar@example.com', 'ZAP', '', '2018-06-06 12:50:17'),
(936, 'ZAP\"&sleep 5s&\"', 'foo-bar@example.com', 'ZAP', '', '2018-06-06 12:50:17'),
(937, 'ZAP\";sleep 5s;\"', 'foo-bar@example.com', 'ZAP', '', '2018-06-06 12:50:17'),
(938, 'ZAP&sleep {0}s&', 'foo-bar@example.com', 'ZAP', '', '2018-06-06 12:50:17'),
(939, 'ZAP;sleep {0}s;', 'foo-bar@example.com', 'ZAP', '', '2018-06-06 12:50:18'),
(940, 'ZAP&timeout /T 5', 'foo-bar@example.com', 'ZAP', '', '2018-06-06 12:50:18'),
(941, 'ZAP|timeout /T 5', 'foo-bar@example.com', 'ZAP', '', '2018-06-06 12:50:19'),
(942, 'ZAP\"&timeout /T 5&\"', 'foo-bar@example.com', 'ZAP', '', '2018-06-06 12:50:19'),
(943, 'ZAP\"|timeout /T 5', 'foo-bar@example.com', 'ZAP', '', '2018-06-06 12:50:19'),
(944, 'ZAP&timeout /T {0}&', 'foo-bar@example.com', 'ZAP', '', '2018-06-06 12:50:19'),
(945, 'ZAP|timeout /T {0}', 'foo-bar@example.com', 'ZAP', '', '2018-06-06 12:50:19'),
(946, 'ZAP', 'foo-bar@example.com', 'ZAP&cat /etc/passwd&', '', '2018-06-06 12:50:19'),
(947, 'ZAP', 'foo-bar@example.com', 'ZAP;cat /etc/passwd;', '', '2018-06-06 12:50:19'),
(948, 'ZAP', 'foo-bar@example.com', 'ZAP\"&cat /etc/passwd&\"', '', '2018-06-06 12:50:19'),
(949, 'ZAP', 'foo-bar@example.com', 'ZAP\";cat /etc/passwd;\"', '', '2018-06-06 12:50:20'),
(950, 'ZAP', 'foo-bar@example.com', 'ZAP&sleep 5s&', '', '2018-06-06 12:50:20'),
(951, 'ZAP', 'foo-bar@example.com', 'ZAP;sleep 5s;', '', '2018-06-06 12:50:20'),
(952, 'ZAP', 'foo-bar@example.com', 'ZAP\"&sleep 5s&\"', '', '2018-06-06 12:50:20'),
(953, 'ZAP', 'foo-bar@example.com', 'ZAP\";sleep 5s;\"', '', '2018-06-06 12:50:20'),
(954, 'ZAP', 'foo-bar@example.com', 'ZAP&sleep {0}s&', '', '2018-06-06 12:50:20'),
(955, 'ZAP', 'foo-bar@example.com', 'ZAP;sleep {0}s;', '', '2018-06-06 12:50:21'),
(956, 'ZAP', 'foo-bar@example.com', 'ZAP&timeout /T 5', '', '2018-06-06 12:50:21'),
(957, 'ZAP', 'foo-bar@example.com', 'ZAP|timeout /T 5', '', '2018-06-06 12:50:22'),
(958, 'ZAP', 'foo-bar@example.com', 'ZAP\"&timeout /T 5&\"', '', '2018-06-06 12:50:22'),
(959, 'ZAP', 'foo-bar@example.com', 'ZAP\"|timeout /T 5', '', '2018-06-06 12:50:22'),
(960, 'ZAP', 'foo-bar@example.com', 'ZAP&timeout /T {0}&', '', '2018-06-06 12:50:22'),
(961, 'ZAP', 'foo-bar@example.com', 'ZAP|timeout /T {0}', '', '2018-06-06 12:50:22'),
(962, 'ZAP', 'foo-bar@example.com', 'ZAP', '', '2018-06-06 12:51:39'),
(963, 'ZAP', 'foo-bar@example.com', 'ZAP', '398838391380004229.owasp.org', '2018-06-06 12:51:47'),
(964, 'ZAP', 'foo-bar@example.com', 'ZAP', 'http://398838391380004229.owasp.org', '2018-06-06 12:51:47'),
(965, 'ZAP', 'foo-bar@example.com', 'ZAP', 'https://398838391380004229.owasp.org', '2018-06-06 12:51:47'),
(966, 'ZAP', 'foo-bar@example.com', 'ZAP', 'http:\\398838391380004229.owasp.org', '2018-06-06 12:51:47'),
(967, 'ZAP', 'foo-bar@example.com', 'ZAP', 'https:\\398838391380004229.owasp.org', '2018-06-06 12:51:47'),
(968, 'ZAP', 'foo-bar@example.com', 'ZAP', '//398838391380004229.owasp.org', '2018-06-06 12:51:47'),
(969, 'ZAP', 'foo-bar@example.com', 'ZAP', '\\398838391380004229.owasp.org', '2018-06-06 12:51:47'),
(970, 'ZAP', 'foo-bar@example.com', 'ZAP', 'HtTp://398838391380004229.owasp.org', '2018-06-06 12:51:48'),
(971, 'ZAP', 'foo-bar@example.com', 'ZAP', 'HtTpS://398838391380004229.owasp.org', '2018-06-06 12:51:48'),
(972, 'AgÃªncia HD3 ', 'agencia@hd3publicidade.com.br', 'Site Novo', 'Seu site estÃ¡ desatualizado ou ainda nÃ£o tem um site?\r\n\r\nDesenvolvemos sites com as mais novas tecnologias para que sua empresa ou negÃ³cio possa se destacar no mercado cada vez mais competitivo.\r\n\r\n- RESPONSIVO\r\nSites adaptados para abrir de acordo com os dispositivos mÃ³vel acessado: smartphones, tablets, notebooks e desktops.\r\n\r\n- INTEGRAÃ‡ÃƒO COM WHATSAPP\r\nSeus clientes nÃ£o pagarÃ£o mais nada para falar com vocÃª, integramos o whatsapp dentro do seu site.\r\n\r\n- SITE ONE PAGE\r\nNa internet quanto menos Ã© mais. Todas informaÃ§Ãµes sobre produtos ou serviÃ§os totalmente equacionados para facilitar a interaÃ§Ã£o entre vocÃª e seus cientes. Envolvimento direto para que o visitante possa se sentir mais atraÃ­do e tome decisÃµes mais rÃ¡pidas quanto o que vocÃª vende ou estÃ¡ oferecendo.\r\n\r\n- MAIS VELOCIDADE\r\nSites One Page sÃ£o mais rÃ¡pidos. Seu conteÃºdo Ã© carregado de uma sÃ³ vez facilitando a navegaÃ§Ã£o.\r\n\r\n- DESIGN PERSONALIZADO\r\nDesenvolvemos seu site sob medida, ele terÃ¡ um visual Ãºnico, respeitando as cores e a identidade visual de sua empresa.\r\n\r\n- OTIMIZAÃ‡ÃƒO\r\nInserimos os cÃ³digos recomendados para que seu site possa ter um bom posicionamento na busca orgÃ¢nica do Google, Mais retorno e visualizaÃ§Ã£o de seu site.\r\n\r\nOUTRAS VANTAGENS:\r\n- Em nossa hospedagem vocÃª terÃ¡ acesso as estatÃ­sticas de acesso diÃ¡rias e mensais, descobrirÃ¡ quantas pessoas estÃ£o acessando seu site.\r\n- IntegraÃ§Ã£o as Redes Sociais\r\n- Banners com movimentos\r\n- Galeria de Fotos\r\n- Galeria de VÃ­deos\r\n- FormulÃ¡rio de contato e orÃ§amentos\r\n- Mapa de LocalizaÃ§Ã£o (opcional)\r\n- Hospedagem - Servidores de Ãºltima geraÃ§Ã£o garantindo seguranÃ§a e confiabilidade. \r\n\r\n\r\nPROMOÃ‡ÃƒO POR TEMPO LIMITADO:\r\nR$ 990,00 parcelado no CartÃ£o de CrÃ©dito, ou Ã¡ vista 10% de desconto.\r\nACESSE O NOSSO SITE E SAIBA MAIS.\r\nhttp://www.hd3publicidade.com.br/hotpage.php\r\n\r\nFale conosco por E-mail: contato@hd3publicidade.com.br\r\nTelefone: (11) 3415-5215\r\nOu Whatsapp: (11) 99189-5612\r\n\r\nCaso nÃ£o deseje mais receber nossas mensagens acesse o link:\r\nhttp://www.hd3publicidade.com.br/sair_lista', '2018-06-10 10:27:33'),
(973, 'ZAP', 'foo-bar@example.com', 'ZAP', '', '2018-06-16 09:26:58'),
(974, 'ZAP', 'foo-bar@example.com', 'ZAP', '', '2018-06-16 09:27:22'),
(975, 'ZAP', 'foo-bar@example.com', 'ZAP', '', '2018-06-16 09:27:22'),
(976, 'ZAP', 'foo-bar@example.com', 'ZAP', '', '2018-06-16 09:27:23'),
(977, 'ZAP', 'foo-bar@example.com', 'ZAP', '', '2018-06-16 09:27:23'),
(978, 'ZAP', 'foo-bar@example.com', 'ZAP', '', '2018-06-16 09:27:23'),
(979, 'ZAP', 'foo-bar@example.com', 'ZAP', '', '2018-06-16 09:27:23'),
(980, 'ZAP', 'foo-bar@example.com', 'ZAP', '', '2018-06-16 09:27:23'),
(981, 'ZAP', 'foo-bar@example.com', 'ZAP', '', '2018-06-16 09:27:24'),
(982, 'ZAP', 'foo-bar@example.com', 'ZAP', '', '2018-06-16 09:27:25'),
(983, 'ZAP', 'foo-bar@example.com', 'ZAP', '', '2018-06-16 09:27:25'),
(984, 'ZAP', 'foo-bar@example.com', 'ZAP', '', '2018-06-16 09:27:25'),
(985, 'ZAP', 'foo-bar@example.com', 'ZAP', '', '2018-06-16 09:27:25'),
(986, 'ZAP', 'foo-bar@example.com', 'ZAP', '', '2018-06-16 09:27:25'),
(987, 'ZAP', 'foo-bar@example.com', 'ZAP', '', '2018-06-16 09:27:25'),
(988, 'ZAP', 'foo-bar@example.com', 'ZAP', '', '2018-06-16 09:27:26'),
(989, 'c:/Windows/system.ini', 'foo-bar@example.com', 'ZAP', '', '2018-06-16 09:27:26'),
(990, 'c:Windowssystem.ini', 'foo-bar@example.com', 'ZAP', '', '2018-06-16 09:27:26'),
(991, '/etc/passwd', 'foo-bar@example.com', 'ZAP', '', '2018-06-16 09:27:27'),
(992, 'c:/', 'foo-bar@example.com', 'ZAP', '', '2018-06-16 09:27:27'),
(993, '/', 'foo-bar@example.com', 'ZAP', '', '2018-06-16 09:27:27'),
(994, 'ZAP', 'foo-bar@example.com', 'ZAP', 'c:/Windows/system.ini', '2018-06-16 09:29:52'),
(995, 'ZAP', 'foo-bar@example.com', 'ZAP', '../../../../../../../../../../../../../../../../Windows/system.ini', '2018-06-16 09:29:52'),
(996, 'ZAP', 'foo-bar@example.com', 'ZAP', 'c:Windowssystem.ini', '2018-06-16 09:29:52'),
(997, 'ZAP', 'foo-bar@example.com', 'ZAP', '................................Windowssystem.ini', '2018-06-16 09:29:53'),
(998, 'ZAP', 'foo-bar@example.com', 'ZAP', '/etc/passwd', '2018-06-16 09:29:53'),
(999, 'ZAP', 'foo-bar@example.com', 'ZAP', '../../../../../../../../../../../../../../../../etc/passwd', '2018-06-16 09:29:53'),
(1000, 'ZAP', 'foo-bar@example.com', 'ZAP', 'c:/', '2018-06-16 09:29:53'),
(1001, 'ZAP', 'foo-bar@example.com', 'ZAP', '/', '2018-06-16 09:29:54'),
(1002, 'ZAP', 'foo-bar@example.com', 'ZAP', '../../../../../../../../../../../../../../../../', '2018-06-16 09:29:54'),
(1003, 'ZAP', 'foo-bar@example.com', 'ZAP', 'WEB-INF/web.xml', '2018-06-16 09:29:54'),
(1004, 'ZAP', 'foo-bar@example.com', 'ZAP', 'WEB-INFweb.xml', '2018-06-16 09:29:54'),
(1005, 'ZAP', 'foo-bar@example.com', 'ZAP', '/WEB-INF/web.xml', '2018-06-16 09:29:55'),
(1006, 'ZAP', 'foo-bar@example.com', 'ZAP', 'WEB-INFweb.xml', '2018-06-16 09:29:55'),
(1007, 'ZAP', 'foo-bar@example.com', 'ZAP', 'thishouldnotexistandhopefullyitwillnot', '2018-06-16 09:29:56'),
(1008, 'ZAP', 'foo-bar@example.com', 'ZAP', '', '2018-06-16 09:32:33'),
(1009, 'ZAP', 'foo-bar@example.com', 'ZAP', '', '2018-06-16 09:33:01'),
(1010, 'ZAP', 'foo-bar@example.com', 'ZAP', '', '2018-06-16 09:33:01'),
(1011, 'ZAP', 'foo-bar@example.com', 'ZAP', '', '2018-06-16 09:33:02'),
(1012, 'ZAP', 'foo-bar@example.com', 'ZAP', '', '2018-06-16 09:33:02'),
(1013, 'ZAP', 'foo-bar@example.com', 'ZAP', '', '2018-06-16 09:33:02'),
(1014, 'ZAP', 'foo-bar@example.com', 'ZAP', '', '2018-06-16 09:33:03'),
(1015, 'ZAP', 'foo-bar@example.com', 'ZAP', '', '2018-06-16 09:33:03'),
(1016, 'ZAP', 'foo-bar@example.com', 'ZAP', '', '2018-06-16 09:33:03'),
(1017, 'ZAP', 'foo-bar@example.com', 'ZAP', '', '2018-06-16 09:33:03'),
(1018, 'ZAP', 'foo-bar@example.com', 'ZAP', '', '2018-06-16 09:33:04'),
(1019, 'ZAP', 'foo-bar@example.com', 'ZAP', '', '2018-06-16 09:33:04'),
(1020, 'ZAP', 'foo-bar@example.com', 'ZAP', '', '2018-06-16 09:33:04'),
(1021, 'ZAP', 'foo-bar@example.com', 'ZAP', '', '2018-06-16 09:33:04'),
(1022, 'ZAP', 'foo-bar@example.com', 'ZAP', '', '2018-06-16 09:33:04'),
(1023, 'ZAP', 'foo-bar@example.com', 'ZAP', '', '2018-06-16 09:33:04'),
(1024, 'c:/Windows/system.ini', 'foo-bar@example.com', 'ZAP', '', '2018-06-16 09:33:05'),
(1025, 'c:Windowssystem.ini', 'foo-bar@example.com', 'ZAP', '', '2018-06-16 09:33:05'),
(1026, '/etc/passwd', 'foo-bar@example.com', 'ZAP', '', '2018-06-16 09:33:05'),
(1027, 'c:/', 'foo-bar@example.com', 'ZAP', '', '2018-06-16 09:33:06'),
(1028, '/', 'foo-bar@example.com', 'ZAP', '', '2018-06-16 09:33:06'),
(1029, 'WEB-INF/web.xml', 'foo-bar@example.com', 'ZAP', '', '2018-06-16 09:33:07'),
(1030, 'WEB-INFweb.xml', 'foo-bar@example.com', 'ZAP', '', '2018-06-16 09:33:07'),
(1031, '/WEB-INF/web.xml', 'foo-bar@example.com', 'ZAP', '', '2018-06-16 09:33:07'),
(1032, 'WEB-INFweb.xml', 'foo-bar@example.com', 'ZAP', '', '2018-06-16 09:33:07'),
(1033, 'ZAP', 'foo-bar@example.com', 'c:/Windows/system.ini', '', '2018-06-16 09:33:11'),
(1034, 'ZAP', 'foo-bar@example.com', 'c:Windowssystem.ini', '', '2018-06-16 09:33:11'),
(1035, 'ZAP', 'foo-bar@example.com', '/etc/passwd', '', '2018-06-16 09:33:11'),
(1036, 'ZAP', 'foo-bar@example.com', 'ZAP', '', '2018-06-16 09:45:51'),
(1037, 'ZAP', 'foo-bar@example.com', 'ZAP', '', '2018-06-16 09:45:51'),
(1038, 'ZAP', 'foo-bar@example.com', 'ZAP', '', '2018-06-16 09:45:51'),
(1039, 'ZAP', 'foo-bar@example.com', 'ZAP', '', '2018-06-16 09:45:51'),
(1040, 'ZAP', 'foo-bar@example.com', 'ZAP', '', '2018-06-16 09:45:51'),
(1041, 'ZAP', 'foo-bar@example.com', 'ZAP', '', '2018-06-16 09:45:52'),
(1042, 'ZAP', 'foo-bar@example.com', 'ZAP', '', '2018-06-16 09:45:52'),
(1043, 'ZAP', 'foo-bar@example.com', 'ZAP', '', '2018-06-16 09:45:52'),
(1044, 'ZAP', 'foo-bar@example.com', 'ZAP', '', '2018-06-16 09:45:52'),
(1045, 'ZAP', 'foo-bar@example.com', 'ZAP', '', '2018-06-16 09:45:52'),
(1046, 'http://www.google.com/', 'foo-bar@example.com', 'ZAP', '', '2018-06-16 09:45:53'),
(1047, 'http://www.google.com:80/', 'foo-bar@example.com', 'ZAP', '', '2018-06-16 09:45:53'),
(1048, 'http://www.google.com', 'foo-bar@example.com', 'ZAP', '', '2018-06-16 09:45:53'),
(1049, 'www.google.com/', 'foo-bar@example.com', 'ZAP', '', '2018-06-16 09:45:54'),
(1050, 'www.google.com:80/', 'foo-bar@example.com', 'ZAP', '', '2018-06-16 09:45:54'),
(1051, 'www.google.com', 'foo-bar@example.com', 'ZAP', '', '2018-06-16 09:45:54'),
(1052, 'ZAP', 'foo-bar@example.com', 'http://www.google.com/', '', '2018-06-16 09:45:56'),
(1053, 'ZAP', 'foo-bar@example.com', 'http://www.google.com:80/', '', '2018-06-16 09:45:57'),
(1054, 'ZAP', 'foo-bar@example.com', 'http://www.google.com', '', '2018-06-16 09:45:57'),
(1055, 'ZAP', 'foo-bar@example.com', 'www.google.com/', '', '2018-06-16 09:45:57'),
(1056, 'ZAP', 'foo-bar@example.com', 'www.google.com:80/', '', '2018-06-16 09:45:58'),
(1057, 'ZAP', 'foo-bar@example.com', 'www.google.com', '', '2018-06-16 09:45:58'),
(1058, 'ZAP', 'foo-bar@example.com', 'ZAP', 'http://www.google.com/', '2018-06-16 09:45:58'),
(1059, 'ZAP', 'foo-bar@example.com', 'ZAP', 'http://www.google.com:80/', '2018-06-16 09:45:59'),
(1060, 'ZAP', 'foo-bar@example.com', 'ZAP', 'http://www.google.com', '2018-06-16 09:45:59'),
(1061, 'ZAP', 'foo-bar@example.com', 'ZAP', 'http://www.google.com/search?q=OWASP%20ZAP', '2018-06-16 09:45:59'),
(1062, 'ZAP', 'foo-bar@example.com', 'ZAP', 'http://www.google.com:80/search?q=OWASP%20ZAP', '2018-06-16 09:45:59'),
(1063, 'ZAP', 'foo-bar@example.com', 'ZAP', 'www.google.com/', '2018-06-16 09:45:59'),
(1064, 'ZAP', 'foo-bar@example.com', 'ZAP', '', '2018-06-16 09:56:22'),
(1065, 'ZAP', 'foo-bar@example.com', 'ZAP', '', '2018-06-16 09:56:22'),
(1066, 'ZAP', 'foo-bar@example.com', 'ZAP', '', '2018-06-16 09:56:22'),
(1067, 'ZAP', 'foo-bar@example.com', 'ZAP', '', '2018-06-16 09:56:23'),
(1068, '<!--#EXEC cmd=\"ls /\"-->', 'foo-bar@example.com', 'ZAP', '', '2018-06-16 09:56:23'),
(1069, '<!--#EXEC cmd=\"dir \"-->', 'foo-bar@example.com', 'ZAP', '', '2018-06-16 09:56:23'),
(1070, 'ZAP', 'foo-bar@example.com', '<!--#EXEC cmd=\"ls /\"-->', '', '2018-06-16 09:56:25'),
(1071, 'ZAP', 'foo-bar@example.com', '<!--#EXEC cmd=\"dir \"-->', '', '2018-06-16 09:56:25'),
(1072, 'ZAP', 'foo-bar@example.com', 'ZAP', '<!--#EXEC cmd=\"ls /\"-->', '2018-06-16 09:56:25'),
(1073, 'ZAP', 'foo-bar@example.com', 'ZAP', '\"><!--#EXEC cmd=\"ls /\"--><', '2018-06-16 09:56:26'),
(1074, 'ZAP', 'foo-bar@example.com', 'ZAP', '<!--#EXEC cmd=\"dir \"-->', '2018-06-16 09:56:26'),
(1075, 'ZAP', 'foo-bar@example.com', 'ZAP', '\"><!--#EXEC cmd=\"dir \"--><', '2018-06-16 09:56:26'),
(1076, 'ZAP', 'foo-bar@example.com', 'ZAP', '', '2018-06-16 10:02:49'),
(1077, 'ZAP', 'foo-bar@example.com', 'ZAP', '', '2018-06-16 10:02:50'),
(1078, 'ZAP', 'foo-bar@example.com', 'ZAP', '', '2018-06-16 10:02:50'),
(1079, '0W45pz4p', 'foo-bar@example.com', 'ZAP', '', '2018-06-16 10:02:50'),
(1080, 'ZAP0W45pz4p', 'foo-bar@example.com', 'ZAP', '', '2018-06-16 10:02:50'),
(1081, 'ZAP', 'foo-bar@example.com0W45pz4p', 'ZAP', '', '2018-06-16 10:02:51'),
(1082, 'ZAP', 'foo-bar@example.com', '0W45pz4p', '', '2018-06-16 10:02:52'),
(1083, 'ZAP', 'foo-bar@example.com', 'ZAP0W45pz4p', '', '2018-06-16 10:02:52'),
(1084, 'ZAP', 'foo-bar@example.com', 'ZAP', '0W45pz4p', '2018-06-16 10:02:52'),
(1085, 'ZAP', 'foo-bar@example.com', 'ZAP', '0W45pz4p', '2018-06-16 10:02:52'),
(1086, 'ZAP', 'foo-bar@example.com', 'ZAP', '', '2018-06-16 10:06:16'),
(1087, 'zApPX5sS', 'foo-bar@example.com', 'ZAP', '', '2018-06-16 10:06:16'),
(1088, 'ZAP', 'foo-bar@example.com', 'zApPX9sS', '', '2018-06-16 10:06:17'),
(1089, 'ZAP', 'foo-bar@example.com', 'ZAP', 'zApPX11sS', '2018-06-16 10:06:17'),
(1090, 'ZAP', 'foo-bar@example.com', 'ZAP', '', '2018-06-16 10:07:04'),
(1091, 'ZAP', 'foo-bar@example.com', 'ZAP', '', '2018-06-16 10:08:08'),
(1092, 'ZAP', 'foo-bar@example.com', 'ZAP', '', '2018-06-16 10:08:08'),
(1093, 'ZAP', 'foo-bar@example.com', 'ZAP', '', '2018-06-16 10:08:08'),
(1094, 'ZAP', 'foo-bar@example.com', 'ZAP', '', '2018-06-16 10:08:09'),
(1095, 'ZAP', 'foo-bar@example.com', 'ZAP', '', '2018-06-16 10:08:09'),
(1096, 'ZAP', 'foo-bar@example.com', 'ZAP', '', '2018-06-16 10:08:09'),
(1097, 'ZAP', 'foo-bar@example.com', 'ZAP', '', '2018-06-16 10:08:09'),
(1098, 'ZAP', 'foo-bar@example.com', 'ZAP', '', '2018-06-16 10:08:09'),
(1099, 'ZAP', 'foo-bar@example.com', 'ZAP', '', '2018-06-16 10:08:10'),
(1100, 'ZAP', 'foo-bar@example.com', 'ZAP', '', '2018-06-16 10:08:10'),
(1101, 'ZAP', 'foo-bar@example.com', 'ZAP', '', '2018-06-16 10:08:10'),
(1102, 'ZAP', 'foo-bar@example.com', 'ZAP', '', '2018-06-16 10:08:10'),
(1103, 'ZAP', 'foo-bar@example.com', 'ZAP', '', '2018-06-16 10:08:10'),
(1104, 'ZAP', 'foo-bar@example.com', 'ZAP', '', '2018-06-16 10:08:11'),
(1105, 'ZAP', 'foo-bar@example.com', 'ZAP', '', '2018-06-16 10:08:11'),
(1106, 'ZAP', 'foo-bar@example.com', 'ZAP', '', '2018-06-16 10:08:11'),
(1107, 'ZAP', 'foo-bar@example.com', 'ZAP', '', '2018-06-16 10:08:11'),
(1108, 'ZAP', 'foo-bar@example.com', 'ZAP', '', '2018-06-16 10:08:12'),
(1109, 'ZAP', 'foo-bar@example.com', 'ZAP', '', '2018-06-16 10:08:12'),
(1110, 'ZAP', 'foo-bar@example.com', 'ZAP', '', '2018-06-16 10:08:12'),
(1111, 'ZAP', 'foo-bar@example.com', 'ZAP', '', '2018-06-16 10:08:12'),
(1112, 'ZAP', 'foo-bar@example.com', 'ZAP', '', '2018-06-16 10:08:12'),
(1113, 'ZAP', 'foo-bar@example.com', 'ZAP', '', '2018-06-16 10:08:12'),
(1114, 'ZAP', 'foo-bar@example.com', 'ZAP', '', '2018-06-16 10:08:13'),
(1115, 'ZAP', 'foo-bar@example.com', 'ZAP', '', '2018-06-16 10:08:13'),
(1116, 'ZAP', 'foo-bar@example.com', 'ZAP', '', '2018-06-16 10:08:13'),
(1117, '\"', 'foo-bar@example.com', 'ZAP', '', '2018-06-16 10:08:14'),
(1118, 'ZAP\"', 'foo-bar@example.com', 'ZAP', '', '2018-06-16 10:08:14'),
(1119, ';', 'foo-bar@example.com', 'ZAP', '', '2018-06-16 10:08:14'),
(1120, 'ZAP;', 'foo-bar@example.com', 'ZAP', '', '2018-06-16 10:08:15'),
(1121, ')', 'foo-bar@example.com', 'ZAP', '', '2018-06-16 10:08:15'),
(1122, 'ZAP)', 'foo-bar@example.com', 'ZAP', '', '2018-06-16 10:08:15'),
(1123, 'ZAP', 'foo-bar@example.com', 'ZAP', '', '2018-06-16 10:08:15'),
(1124, 'ZAP', 'foo-bar@example.com', 'ZAP', '', '2018-06-16 17:39:07'),
(1125, 'ZAP', 'foo-bar@example.com', 'ZAP', '', '2018-06-16 17:39:07'),
(1126, 'ZAP', 'foo-bar@example.com', 'ZAP', '', '2018-06-16 17:39:07'),
(1127, 'ZAP', 'foo-bar@example.com', 'ZAP', '', '2018-06-16 17:39:07'),
(1128, 'ZAP', 'foo-bar@example.com', 'ZAP', '', '2018-06-16 17:39:08'),
(1129, 'ZAP', 'foo-bar@example.com', 'ZAP', '', '2018-06-16 17:39:08'),
(1130, 'ZAP', 'foo-bar@example.com', 'ZAP', '', '2018-06-16 17:39:08'),
(1131, 'ZAP', 'foo-bar@example.com', 'ZAP', '', '2018-06-16 17:39:08'),
(1132, 'ZAP', 'foo-bar@example.com', 'ZAP', '', '2018-06-16 17:39:08'),
(1133, 'ZAP', 'foo-bar@example.com', 'ZAP', '', '2018-06-16 17:39:09'),
(1134, 'ZAP', 'foo-bar@example.com', 'ZAP', '', '2018-06-16 17:39:09'),
(1135, 'ZAP', 'foo-bar@example.com', 'ZAP', '', '2018-06-16 17:44:18'),
(1136, 'ZAP&cat /etc/passwd&', 'foo-bar@example.com', 'ZAP', '', '2018-06-16 17:44:18'),
(1137, 'ZAP;cat /etc/passwd;', 'foo-bar@example.com', 'ZAP', '', '2018-06-16 17:44:19'),
(1138, 'ZAP\"&cat /etc/passwd&\"', 'foo-bar@example.com', 'ZAP', '', '2018-06-16 17:44:19'),
(1139, 'ZAP\";cat /etc/passwd;\"', 'foo-bar@example.com', 'ZAP', '', '2018-06-16 17:44:19'),
(1140, 'ZAP&sleep 15&', 'foo-bar@example.com', 'ZAP', '', '2018-06-16 17:44:20'),
(1141, 'ZAP;sleep 15;', 'foo-bar@example.com', 'ZAP', '', '2018-06-16 17:44:20'),
(1142, 'ZAP\"&sleep 15&\"', 'foo-bar@example.com', 'ZAP', '', '2018-06-16 17:44:20'),
(1143, 'ZAP\";sleep 15;\"', 'foo-bar@example.com', 'ZAP', '', '2018-06-16 17:44:20'),
(1144, 'ZAP&sleep {0}&', 'foo-bar@example.com', 'ZAP', '', '2018-06-16 17:44:20'),
(1145, 'ZAP;sleep {0};', 'foo-bar@example.com', 'ZAP', '', '2018-06-16 17:44:22'),
(1146, 'ZAP&timeout /T 15', 'foo-bar@example.com', 'ZAP', '', '2018-06-16 17:44:23'),
(1147, 'ZAP|timeout /T 15', 'foo-bar@example.com', 'ZAP', '', '2018-06-16 17:44:24'),
(1148, 'ZAP\"&timeout /T 15&\"', 'foo-bar@example.com', 'ZAP', '', '2018-06-16 17:44:24'),
(1149, 'ZAP\"|timeout /T 15', 'foo-bar@example.com', 'ZAP', '', '2018-06-16 17:44:24'),
(1150, 'ZAP&timeout /T {0}&', 'foo-bar@example.com', 'ZAP', '', '2018-06-16 17:44:24'),
(1151, 'ZAP|timeout /T {0}', 'foo-bar@example.com', 'ZAP', '', '2018-06-16 17:44:25'),
(1152, 'ZAP;get-help', 'foo-bar@example.com', 'ZAP', '', '2018-06-16 17:44:25'),
(1153, 'ZAP\";get-help', 'foo-bar@example.com', 'ZAP', '', '2018-06-16 17:44:25'),
(1154, 'ZAP;get-help #', 'foo-bar@example.com', 'ZAP', '', '2018-06-16 17:44:25'),
(1155, 'ZAP;start-sleep -s 15', 'foo-bar@example.com', 'ZAP', '', '2018-06-16 17:44:26'),
(1156, 'ZAP\";start-sleep -s 15', 'foo-bar@example.com', 'ZAP', '', '2018-06-16 17:44:26'),
(1157, 'ZAP;start-sleep -s {0}', 'foo-bar@example.com', 'ZAP', '', '2018-06-16 17:44:26'),
(1158, 'ZAP;start-sleep -s 15 #', 'foo-bar@example.com', 'ZAP', '', '2018-06-16 17:44:26'),
(1159, 'ZAP', 'foo-bar@example.com', 'ZAP&cat /etc/passwd&', '', '2018-06-16 17:47:06'),
(1160, 'ZAP', 'foo-bar@example.com', 'ZAP;cat /etc/passwd;', '', '2018-06-16 17:47:06'),
(1161, 'ZAP', 'foo-bar@example.com', 'ZAP\"&cat /etc/passwd&\"', '', '2018-06-16 17:47:07'),
(1162, 'ZAP', 'foo-bar@example.com', 'ZAP\";cat /etc/passwd;\"', '', '2018-06-16 17:47:07'),
(1163, 'ZAP', 'foo-bar@example.com', 'ZAP&sleep 15&', '', '2018-06-16 17:47:08'),
(1164, 'ZAP', 'foo-bar@example.com', 'ZAP;sleep 15;', '', '2018-06-16 17:47:08'),
(1165, 'ZAP', 'foo-bar@example.com', 'ZAP\"&sleep 15&\"', '', '2018-06-16 17:47:09'),
(1166, 'ZAP', 'foo-bar@example.com', 'ZAP\";sleep 15;\"', '', '2018-06-16 17:47:09'),
(1167, 'ZAP', 'foo-bar@example.com', 'ZAP&sleep {0}&', '', '2018-06-16 17:47:09'),
(1168, 'ZAP', 'foo-bar@example.com', 'ZAP;sleep {0};', '', '2018-06-16 17:47:09'),
(1169, 'ZAP', 'foo-bar@example.com', 'ZAP&timeout /T 15', '', '2018-06-16 17:47:11'),
(1170, 'ZAP', 'foo-bar@example.com', 'ZAP|timeout /T 15', '', '2018-06-16 17:47:11'),
(1171, 'ZAP', 'foo-bar@example.com', 'ZAP\"&timeout /T 15&\"', '', '2018-06-16 17:47:11'),
(1172, 'ZAP', 'foo-bar@example.com', 'ZAP\"|timeout /T 15', '', '2018-06-16 17:47:11'),
(1173, 'ZAP', 'foo-bar@example.com', 'ZAP;start-sleep -s 15', '', '2018-06-16 17:49:52'),
(1174, 'ZAP', 'foo-bar@example.com', 'ZAP', '&cat /etc/passwd&', '2018-06-16 17:49:52'),
(1175, 'ZAP', 'foo-bar@example.com', 'ZAP', ';cat /etc/passwd;', '2018-06-16 17:49:52'),
(1176, 'ZAP', 'foo-bar@example.com', 'ZAP', '\"&cat /etc/passwd&\"', '2018-06-16 17:49:53'),
(1177, 'ZAP', 'foo-bar@example.com', 'ZAP', '\";cat /etc/passwd;\"', '2018-06-16 17:49:53'),
(1178, 'ZAP', 'foo-bar@example.com', 'ZAP', '&sleep 15&', '2018-06-16 17:49:53'),
(1179, 'ZAP', 'foo-bar@example.com', 'ZAP', ';sleep 15;', '2018-06-16 17:49:54'),
(1180, 'ZAP', 'foo-bar@example.com', 'ZAP', '\"&sleep 15&\"', '2018-06-16 17:49:54'),
(1181, 'ZAP', 'foo-bar@example.com', 'ZAP', '\";sleep 15;\"', '2018-06-16 17:49:54'),
(1182, 'ZAP', 'foo-bar@example.com', 'ZAP', '&sleep {0}&', '2018-06-16 17:49:54'),
(1183, 'ZAP', 'foo-bar@example.com', 'ZAP', ';sleep {0};', '2018-06-16 17:49:54'),
(1184, 'ZAP', 'foo-bar@example.com', 'ZAP', '&type %SYSTEMROOT%win.ini', '2018-06-16 17:49:55'),
(1185, 'ZAP', 'foo-bar@example.com', 'ZAP', '|type %SYSTEMROOT%win.ini', '2018-06-16 17:49:55'),
(1186, 'ZAP', 'foo-bar@example.com', 'ZAP', '\"&type %SYSTEMROOT%win.ini&\"', '2018-06-16 17:49:56'),
(1187, 'ZAP', 'foo-bar@example.com', 'ZAP', '\"|type %SYSTEMROOT%win.ini', '2018-06-16 17:49:56'),
(1188, 'ZAP', 'foo-bar@example.com', 'ZAP', '&timeout /T 15', '2018-06-16 17:49:57'),
(1189, 'ZAP', 'foo-bar@example.com', 'ZAP', '|timeout /T 15', '2018-06-16 17:49:57'),
(1190, 'ZAP', 'foo-bar@example.com', 'ZAP', '\"&timeout /T 15&\"', '2018-06-16 17:49:57'),
(1191, 'ZAP', 'foo-bar@example.com', 'ZAP', '\"|timeout /T 15', '2018-06-16 17:49:57'),
(1192, 'ZAP', 'foo-bar@example.com', 'ZAP', '&timeout /T {0}&', '2018-06-16 17:49:58'),
(1193, 'ZAP', 'foo-bar@example.com', 'ZAP', '|timeout /T {0}', '2018-06-16 17:49:58'),
(1194, 'ZAP', 'foo-bar@example.com', 'ZAP', ';get-help', '2018-06-16 17:49:58'),
(1195, 'ZAP', 'foo-bar@example.com', 'ZAP', '\";get-help', '2018-06-16 17:49:58'),
(1196, 'ZAP', 'foo-bar@example.com', 'ZAP', '', '2018-06-16 20:51:41'),
(1197, 'ZAP', 'foo-bar@example.com', 'ZAP', '', '2018-06-16 20:52:05'),
(1198, 'ZAP', 'foo-bar@example.com', 'ZAP', '', '2018-06-16 20:52:06'),
(1199, 'ZAP', 'foo-bar@example.com', 'ZAP', '', '2018-06-16 20:52:06'),
(1200, 'ZAP', 'foo-bar@example.com', 'ZAP', '', '2018-06-16 20:52:06'),
(1201, 'ZAP', 'foo-bar@example.com', 'ZAP', '', '2018-06-16 20:52:07'),
(1202, 'ZAP', 'foo-bar@example.com', 'ZAP', '', '2018-06-16 20:52:07'),
(1203, 'ZAP', 'foo-bar@example.com', 'ZAP', '', '2018-06-16 20:52:07'),
(1204, 'ZAP', 'foo-bar@example.com', 'ZAP', '', '2018-06-16 20:52:07'),
(1205, 'ZAP', 'foo-bar@example.com', 'ZAP', '', '2018-06-16 20:52:07'),
(1206, 'ZAP', 'foo-bar@example.com', 'ZAP', '534696467233917530.owasp.org', '2018-06-16 20:52:13'),
(1207, 'ZAP', 'foo-bar@example.com', 'ZAP', 'http://534696467233917530.owasp.org', '2018-06-16 20:52:14'),
(1208, 'ZAP', 'foo-bar@example.com', 'ZAP', 'https://534696467233917530.owasp.org', '2018-06-16 20:52:15'),
(1209, 'ZAP', 'foo-bar@example.com', 'ZAP', 'http:\\534696467233917530.owasp.org', '2018-06-16 20:52:16'),
(1210, 'ZAP', 'foo-bar@example.com', 'ZAP', 'https:\\534696467233917530.owasp.org', '2018-06-16 20:52:16'),
(1211, 'ZAP', 'foo-bar@example.com', 'ZAP', '//534696467233917530.owasp.org', '2018-06-16 20:52:16'),
(1212, 'ZAP', 'foo-bar@example.com', 'ZAP', '\\534696467233917530.owasp.org', '2018-06-16 20:52:16'),
(1213, 'ZAP', 'foo-bar@example.com', 'ZAP', 'HtTp://534696467233917530.owasp.org', '2018-06-16 20:52:16'),
(1214, 'ZAP', 'foo-bar@example.com', 'ZAP', 'HtTpS://534696467233917530.owasp.org', '2018-06-16 20:52:17'),
(1215, 'ZAP', 'foo-bar@example.com', 'ZAP', '', '2018-06-17 11:17:29'),
(1216, 'ZAP', 'foo-bar@example.com', 'ZAP', 'cYkXckcxrnKtRuVBrmJcBuUtDlEMakJZBrRAmSAahGeDkglSCdHYZKrjWZZYFQTLIRVXaGhHlqKprpadavCHSPOPEovsmRXRcHbIZxbfZvLKBNHrrgmXBQWufNwDALhmRuNfUGOLfurGwfSZTRXgWWmVOjacXqXmTHgSFemswCvaBgFWcMMvWFKEiZgmVaRTTSfalpQbQJRYwldWUxHgwxOXdaSaNyIULCvtpwrKkhftNTvuXoPDKOAayUXaXMiTvvXMbaAfvllNIckoGWRlbXVCGTsjCOKHgFQiXyvSMuOJfGhKhqmjugngsuuwdrHmisjJgWCpraRpLxmmGXobvyYxdJEBnaoAspTRvpebdMULmtBuEiCOhiDxnBbofbhayyZCZrafPfpTJZfkDreqSNCjKvQHbYhHAWuEkDeHwKERhkrAkswCciwrseXEmMjOqAfaDwePZqZpwJMnHLRFFxlAYXkTLYksNxffStrMxeCGHnqQhUMWxkHIZdefygcBTfDYqETRBZVWlwPFILcnBYDgOaXBIPSYjUragjQPCTSuEFNRCVFMGYHHHEQieaexrRKemKDIiEaoMVbwqKGDEbWwAoxVrkhDBScUobtQUeNJQuCycuoOWhUinNNkdjQKmmwPynxlLknoBDpeRaZcEWtKTZEThqDAOyeUsFdkupMRxZSBVKbWXCJXuFDIBXRImWuFAaUTFTCMBKjyLrpdxuoqDqIPPbsKnBbPLHVqVPkRAGVXkDZBRNchIRpogdMPboYvXMfsXIIbptXCIaOaHoPMGyeVseSiJauvAeaGWwAwDPdqGuhrGfZiEFLyBxbYAWLeGBjBpidKtvwSaibbwuMKZoVkGdumdkpWGvyKRiMULqIODyJbidahAZZFjMQUAiSVXUcAYGWCugCUmodDSLCPRWtdulAWgRHGuSvJTgrphugxPNScIPEZcGyuNfYijIyZedUqWXLkuNWXRpFAErmyKMquHQPohTQLQcWMBJVMMXennhLxJKEfVGdPaaYWqBMMgeSjKTmOPGPChYsTCMPcFcwdHATRFicAWMiAJZaraGosfeVgdKrxAbhhFWyBmnvpkOrvlmXHGClkaIlkRDsBpwgWxskrxHQvCExJyTCoYORZQuJYHShkXZEPvKttfUustSrYQlmSULTZiVkDGVdLwQdnWcfZJQDtyptaeJMIDJnDsnSWkaNIJtDucUckwnNsXrtvnkWMWdYauTcTmpcIgrObcPadbtnlZeQDKAiUoaDcwipnupgGjWhrlyRIqrUOWHOARgUxwLayjldHUvbeDpgAlGbtUxnThxBLTOWHMxtoxDBbthKnpEiGHUpqSGPNbWlSNOydcjGQUoZLjVJoILtwjImEAjMxqMkdjmApOmbAoMmyLsXJfefidFWHRhVryXIahAKSbOaHDAxMaXZktKtGsuZEkBtQJewSjRMCPALRRcrmJAOjwAiInWypHNREHBjkcaCZiNddCTHmnWNBrUDuOPKWyqrRNPraJiVNpTYqcJKkxHMjhhWkDYhQGOfAdNRfHZMfkHLALyowkCEASIJlHYPuyrOLVGpyyKunvaTwUZtDFJkxoTrjNfCVDSUnyRCLWwmMdkLjkqAbQBQBNFHYcsMymQcZHmXxLcrKtOCtCSVlywZScDmXCLmwjsIBoAKYTYDtPPuZREFYRabrZHXlPEFcyFKEXLAVSnacuHbmpehvmdGhySDXLKNStAlvRKtqaUncnKQDAFFiAvYWVPIamxLbMOSpFgXtfjJCHLiySBMrFSJkejYeClKxKBojWZonMJhFWkdxtARjqBjWBLshDnuYpvWabvUjmuXHRhQFtDSkkcaagTbFxORNDCtplbaCxNrtRGnqlFIqhgXuFXJvUPECGidfHrDwHkoGUgEtLJZrDkdbqMVnNPHMKQglFeiZsayhbUvNtnCsbhANVrcaMeTTxyooQPycIsfefEwGToFmAJjvVHLSJlIYNbvTjcfmgjfLowEIwYkcCrWNyRXnVIJmyUsvHyvcoQmnJgQMBcWeBuVKMoWriTfeRNkckArnHUsYRdmURjlNPEkTnIXMtCRcCswkvMsBavOtdWqjnZLl', '2018-06-17 11:17:30'),
(1217, 'ZAP', 'foo-bar@example.com', 'ZAP', '', '2018-06-17 11:49:26'),
(1218, 'ZAP', 'foo-bar@example.com', 'ZAP', '', '2018-06-17 11:49:27'),
(1219, 'ZAP', 'foo-bar@example.com', 'ZAP', '', '2018-06-17 11:49:27'),
(1220, 'ZAP', 'foo-bar@example.com', 'ZAP', '', '2018-06-17 11:49:27'),
(1221, 'ZAP', 'foo-bar@example.com', 'ZAP', '', '2018-06-17 11:49:29'),
(1222, 'ZAP', 'foo-bar@example.com', 'ZAP', 'ZAP', '2018-06-17 11:49:29'),
(1223, 'ZAP', 'foo-bar@example.com', 'ZAP', 'ZAP%n%s%n%s%n%s%n%s%n%s%n%s%n%s%n%s%n%s%n%s%n%s%n%s%n%s%n%s%n%s%n%s%n%s%n%s%n%s%n%s\n', '2018-06-17 11:49:29'),
(1224, 'ZAP', 'foo-bar@example.com', 'ZAP', 'ZAP %1!s%2!s%3!s%4!s%5!s%6!s%7!s%8!s%9!s%10!s%11!s%12!s%13!s%14!s%15!s%16!s%17!s%18!s%19!s%20!s%21!n%22!n%23!n%24!n%25!n%26!n%27!n%28!n%29!n%30!n%31!n%32!n%33!n%34!n%35!n%36!n%37!n%38!n%39!n%40!n\n', '2018-06-17 11:49:30'),
(1225, 'ZAP', 'foo-bar@example.com', 'ZAP', '', '2018-06-17 11:51:34'),
(1226, 'ZAP', 'foo-bar@example.com', 'ZAP', '', '2018-06-17 11:51:34'),
(1227, 'ZAP', 'foo-bar@example.com', 'ZAP', '', '2018-06-17 11:51:35'),
(1228, 'ZAP', 'foo-bar@example.com', 'ZAP', '', '2018-06-17 11:51:35'),
(1229, 'ZAP', 'foo-bar@example.com', 'ZAP', '', '2018-06-17 11:51:35'),
(1230, 'ZAP', 'foo-bar@example.com', 'ZAP', '', '2018-06-17 11:51:35'),
(1231, 'ZAP', 'foo-bar@example.com', 'ZAP', '', '2018-06-17 11:51:36'),
(1232, 'ZAP', 'foo-bar@example.com', 'ZAP', 'any\r\nSet-cookie: Tamper=63cddee0-7bbc-4b78-9821-fb1e2dc20549', '2018-06-17 11:52:49'),
(1233, 'ZAP', 'foo-bar@example.com', 'ZAP', 'any?\r\nSet-cookie: Tamper=63cddee0-7bbc-4b78-9821-fb1e2dc20549', '2018-06-17 11:52:49'),
(1234, 'ZAP', 'foo-bar@example.com', 'ZAP', 'any\nSet-cookie: Tamper=63cddee0-7bbc-4b78-9821-fb1e2dc20549', '2018-06-17 11:52:50'),
(1235, 'ZAP', 'foo-bar@example.com', 'ZAP', 'any?\nSet-cookie: Tamper=63cddee0-7bbc-4b78-9821-fb1e2dc20549', '2018-06-17 11:52:50'),
(1236, 'ZAP', 'foo-bar@example.com', 'ZAP', 'any\r\nSet-cookie: Tamper=63cddee0-7bbc-4b78-9821-fb1e2dc20549\r\n', '2018-06-17 11:52:50'),
(1237, 'ZAP', 'foo-bar@example.com', 'ZAP', 'any?\r\nSet-cookie: Tamper=63cddee0-7bbc-4b78-9821-fb1e2dc20549\r\n', '2018-06-17 11:52:51'),
(1238, 'ZAP', 'foo-bar@example.com', 'ZAP', '', '2018-06-17 12:02:43'),
(1239, 'ZAP', 'foo-bar@example.com', 'ZAP', '', '2018-06-17 12:02:44'),
(1240, 'ZAP', 'foo-bar@example.com', 'ZAP', '', '2018-06-17 12:02:44'),
(1241, 'ZAP', 'foo-bar@example.com', 'ZAP', '', '2018-06-17 12:02:44'),
(1242, 'ZAP', 'foo-bar@example.com', 'ZAP', '', '2018-06-17 12:02:44'),
(1243, 'ZAP', 'foo-bar@example.com', 'ZAP', '', '2018-06-17 12:02:45'),
(1244, 'ZAP', 'foo-bar@example.com', 'ZAP', '', '2018-06-17 12:02:45'),
(1245, 'ZAP', 'foo-bar@example.com', 'ZAP', '', '2018-06-17 12:02:45'),
(1246, '', 'foo-bar@example.com', 'ZAP', '', '2018-06-17 12:02:45'),
(1247, '', 'foo-bar@example.com', 'ZAP', '', '2018-06-17 12:02:45'),
(1248, '@', 'foo-bar@example.com', 'ZAP', '', '2018-06-17 12:02:46'),
(1249, '+', 'foo-bar@example.com', 'ZAP', '', '2018-06-17 12:02:46'),
(1250, '\0', 'foo-bar@example.com', 'ZAP', '', '2018-06-17 12:02:46'),
(1251, '|', 'foo-bar@example.com', 'ZAP', '', '2018-06-17 12:02:46'),
(1252, 'ZAP', 'foo-bar@example.com', 'ZAP', '', '2018-06-17 12:02:46'),
(1253, 'ZAP', 'foo-bar@example.com', 'ZAP', '', '2018-06-17 12:02:48'),
(1254, 'ZAP', 'foo-bar@example.com', '', '', '2018-06-17 12:02:48'),
(1255, 'ZAP', 'foo-bar@example.com', '', '', '2018-06-17 12:02:48'),
(1256, 'ZAP', 'foo-bar@example.com', '@', '', '2018-06-17 12:02:49'),
(1257, 'ZAP', 'foo-bar@example.com', '+', '', '2018-06-17 12:02:49'),
(1258, 'ZAP', 'foo-bar@example.com', '\0', '', '2018-06-17 12:02:49'),
(1259, 'ZAP', 'foo-bar@example.com', '|', '', '2018-06-17 12:02:49'),
(1260, 'ZAP', 'foo-bar@example.com', 'ZAP', '', '2018-06-17 12:02:49'),
(1261, 'ZAP', 'foo-bar@example.com', 'ZAP', '', '2018-06-17 12:02:50'),
(1262, 'ZAP', 'foo-bar@example.com', 'ZAP', '', '2018-06-17 12:02:50');
INSERT INTO `mens_contato` (`idMensContato`, `nome`, `email`, `assunto`, `mensagem`, `data_hora`) VALUES
(1263, 'ZAP', 'foo-bar@example.com', 'ZAP', '@', '2018-06-17 12:02:50'),
(1264, 'ZAP', 'foo-bar@example.com', 'ZAP', '+', '2018-06-17 12:02:50'),
(1265, 'ZAP', 'foo-bar@example.com', 'ZAP', '\0', '2018-06-17 12:02:50'),
(1266, 'ZAP', 'foo-bar@example.com', 'ZAP', '|', '2018-06-17 12:02:51'),
(1267, 'ZAP', 'foo-bar@example.com', 'ZAP', '', '2018-06-17 13:23:53'),
(1268, 'ZAP', 'foo-bar@example.com', 'ZAP', '', '2018-06-17 13:24:08'),
(1269, 'ZAP', 'foo-bar@example.com', 'ZAP', '', '2018-06-17 13:24:08'),
(1270, 'ZAP', 'foo-bar@example.com', 'ZAP', '', '2018-06-17 13:24:09'),
(1271, 'ZAP', 'foo-bar@example.com', 'ZAP', '', '2018-06-17 13:24:09'),
(1272, 'ZAP', 'foo-bar@example.com', 'ZAP', '', '2018-06-17 13:24:09'),
(1273, 'ZAP', 'foo-bar@example.com', 'ZAP', '', '2018-06-17 13:24:09'),
(1274, 'ZAP', 'foo-bar@example.com', 'ZAP', '', '2018-06-17 13:24:09'),
(1275, 'ZAP', 'foo-bar@example.com', 'ZAP', '', '2018-06-17 13:24:10'),
(1276, 'ZAP', 'foo-bar@example.com', 'ZAP', '', '2018-06-17 13:24:10'),
(1277, 'ZAP', 'foo-bar@example.com', 'ZAP', '', '2018-06-17 13:24:10'),
(1278, 'ZAP', 'foo-bar@example.com', 'ZAP', '', '2018-06-17 13:24:10'),
(1279, 'ZAP', 'foo-bar@example.com', 'ZAP', '', '2018-06-17 13:24:11'),
(1280, 'ZAP', 'foo-bar@example.com', 'ZAP', '', '2018-06-17 13:24:11'),
(1281, 'ZAP', 'foo-bar@example.com', 'ZAP', '', '2018-06-17 13:24:11'),
(1282, 'ZAP', 'foo-bar@example.com', 'ZAP', '', '2018-06-17 13:24:11'),
(1283, 'c:/Windows/system.ini', 'foo-bar@example.com', 'ZAP', '', '2018-06-17 13:24:11'),
(1284, 'c:Windowssystem.ini', 'foo-bar@example.com', 'ZAP', '', '2018-06-17 13:24:12'),
(1285, '/etc/passwd', 'foo-bar@example.com', 'ZAP', '', '2018-06-17 13:24:12'),
(1286, 'c:/', 'foo-bar@example.com', 'ZAP', '', '2018-06-17 13:24:13'),
(1287, '/', 'foo-bar@example.com', 'ZAP', '', '2018-06-17 13:24:13'),
(1288, 'WEB-INF/web.xml', 'foo-bar@example.com', 'ZAP', '', '2018-06-17 13:24:13'),
(1289, 'WEB-INFweb.xml', 'foo-bar@example.com', 'ZAP', '', '2018-06-17 13:24:14'),
(1290, '/WEB-INF/web.xml', 'foo-bar@example.com', 'ZAP', '', '2018-06-17 13:24:14'),
(1291, 'WEB-INFweb.xml', 'foo-bar@example.com', 'ZAP', '', '2018-06-17 13:24:14'),
(1292, 'ZAP', 'foo-bar@example.com', 'c:/Windows/system.ini', '', '2018-06-17 13:24:18'),
(1293, 'ZAP', 'foo-bar@example.com', 'c:Windowssystem.ini', '', '2018-06-17 13:24:18'),
(1294, 'ZAP', 'foo-bar@example.com', '/etc/passwd', '', '2018-06-17 13:24:19'),
(1295, 'ZAP', 'foo-bar@example.com', 'ZAP', '', '2018-06-17 13:33:03'),
(1296, 'ZAP', 'foo-bar@example.com', 'ZAP', '', '2018-06-17 13:33:03'),
(1297, 'ZAP', 'foo-bar@example.com', 'ZAP', '', '2018-06-17 13:33:04'),
(1298, 'ZAP', 'foo-bar@example.com', 'ZAP', '', '2018-06-17 13:33:04'),
(1299, 'ZAP', 'foo-bar@example.com', 'ZAP', '', '2018-06-17 13:33:04'),
(1300, 'ZAP', 'foo-bar@example.com', 'ZAP', '', '2018-06-17 13:33:04'),
(1301, 'ZAP', 'foo-bar@example.com', 'ZAP', '', '2018-06-17 13:33:04'),
(1302, 'ZAP', 'foo-bar@example.com', 'ZAP', '', '2018-06-17 13:33:05'),
(1303, 'ZAP', 'foo-bar@example.com', 'ZAP', '', '2018-06-17 13:33:05'),
(1304, 'ZAP', 'foo-bar@example.com', 'ZAP', '', '2018-06-17 13:33:05'),
(1305, 'http://www.google.com/', 'foo-bar@example.com', 'ZAP', '', '2018-06-17 13:33:05'),
(1306, 'http://www.google.com:80/', 'foo-bar@example.com', 'ZAP', '', '2018-06-17 13:33:05'),
(1307, 'http://www.google.com', 'foo-bar@example.com', 'ZAP', '', '2018-06-17 13:33:06'),
(1308, 'www.google.com/', 'foo-bar@example.com', 'ZAP', '', '2018-06-17 13:33:06'),
(1309, 'www.google.com:80/', 'foo-bar@example.com', 'ZAP', '', '2018-06-17 13:33:06'),
(1310, 'www.google.com', 'foo-bar@example.com', 'ZAP', '', '2018-06-17 13:33:07'),
(1311, 'ZAP', 'foo-bar@example.com', 'http://www.google.com/', '', '2018-06-17 13:33:09'),
(1312, 'ZAP', 'foo-bar@example.com', 'http://www.google.com:80/', '', '2018-06-17 13:33:09'),
(1313, 'ZAP', 'foo-bar@example.com', 'http://www.google.com', '', '2018-06-17 13:33:10'),
(1314, 'ZAP', 'foo-bar@example.com', 'www.google.com/', '', '2018-06-17 13:33:10'),
(1315, 'ZAP', 'foo-bar@example.com', 'www.google.com:80/', '', '2018-06-17 13:33:10'),
(1316, 'ZAP', 'foo-bar@example.com', 'www.google.com', '', '2018-06-17 13:33:11'),
(1317, 'ZAP', 'foo-bar@example.com', 'ZAP', 'http://www.google.com/', '2018-06-17 13:33:11'),
(1318, 'ZAP', 'foo-bar@example.com', 'ZAP', 'http://www.google.com:80/', '2018-06-17 13:33:12'),
(1319, 'ZAP', 'foo-bar@example.com', 'ZAP', 'http://www.google.com', '2018-06-17 13:33:12'),
(1320, 'ZAP', 'foo-bar@example.com', 'ZAP', 'http://www.google.com/search?q=OWASP%20ZAP', '2018-06-17 13:33:12'),
(1321, 'ZAP', 'foo-bar@example.com', 'ZAP', 'http://www.google.com:80/search?q=OWASP%20ZAP', '2018-06-17 13:33:12'),
(1322, 'ZAP', 'foo-bar@example.com', 'ZAP', 'www.google.com/', '2018-06-17 13:33:12'),
(1323, 'ZAP', 'foo-bar@example.com', 'ZAP', '', '2018-06-17 13:38:58'),
(1324, 'ZAP', 'foo-bar@example.com', 'ZAP', '', '2018-06-17 13:38:58'),
(1325, 'ZAP', 'foo-bar@example.com', 'ZAP', '', '2018-06-17 13:38:58'),
(1326, 'ZAP', 'foo-bar@example.com', 'ZAP', '', '2018-06-17 13:38:59'),
(1327, '<!--#EXEC cmd=\"ls /\"-->', 'foo-bar@example.com', 'ZAP', '', '2018-06-17 13:38:59'),
(1328, '<!--#EXEC cmd=\"dir \"-->', 'foo-bar@example.com', 'ZAP', '', '2018-06-17 13:38:59'),
(1329, 'ZAP', 'foo-bar@example.com', '<!--#EXEC cmd=\"ls /\"-->', '', '2018-06-17 13:39:01'),
(1330, 'ZAP', 'foo-bar@example.com', '<!--#EXEC cmd=\"dir \"-->', '', '2018-06-17 13:39:01'),
(1331, 'ZAP', 'foo-bar@example.com', 'ZAP', '<!--#EXEC cmd=\"ls /\"-->', '2018-06-17 13:39:01'),
(1332, 'ZAP', 'foo-bar@example.com', 'ZAP', '\"><!--#EXEC cmd=\"ls /\"--><', '2018-06-17 13:39:01'),
(1333, 'ZAP', 'foo-bar@example.com', 'ZAP', '<!--#EXEC cmd=\"dir \"-->', '2018-06-17 13:39:02'),
(1334, 'ZAP', 'foo-bar@example.com', 'ZAP', '\"><!--#EXEC cmd=\"dir \"--><', '2018-06-17 13:39:02'),
(1335, 'ZAP', 'foo-bar@example.com', 'ZAP', '', '2018-06-17 13:44:21'),
(1336, 'ZAP', 'foo-bar@example.com', 'ZAP', '', '2018-06-17 13:44:21'),
(1337, 'ZAP', 'foo-bar@example.com', 'ZAP', '', '2018-06-17 13:44:22'),
(1338, '0W45pz4p', 'foo-bar@example.com', 'ZAP', '', '2018-06-17 13:44:22'),
(1339, 'ZAP0W45pz4p', 'foo-bar@example.com', 'ZAP', '', '2018-06-17 13:44:22'),
(1340, 'ZAP', 'foo-bar@example.com0W45pz4p', 'ZAP', '', '2018-06-17 13:44:23'),
(1341, 'ZAP', 'foo-bar@example.com', '0W45pz4p', '', '2018-06-17 13:44:23'),
(1342, 'ZAP', 'foo-bar@example.com', 'ZAP0W45pz4p', '', '2018-06-17 13:44:23'),
(1343, 'ZAP', 'foo-bar@example.com', 'ZAP', '0W45pz4p', '2018-06-17 13:44:24'),
(1344, 'ZAP', 'foo-bar@example.com', 'ZAP', '0W45pz4p', '2018-06-17 13:44:24'),
(1345, 'ZAP', 'foo-bar@example.com', 'ZAP', '', '2018-06-17 13:48:13'),
(1346, 'zApPX5sS', 'foo-bar@example.com', 'ZAP', '', '2018-06-17 13:48:14'),
(1347, 'ZAP', 'foo-bar@example.com', 'zApPX9sS', '', '2018-06-17 13:48:14'),
(1348, 'ZAP', 'foo-bar@example.com', 'ZAP', 'zApPX11sS', '2018-06-17 13:48:14'),
(1349, 'ZAP', 'foo-bar@example.com', 'ZAP', '', '2018-06-17 13:50:38'),
(1350, 'ZAP', 'foo-bar@example.com', 'ZAP', '', '2018-06-17 13:51:20'),
(1351, 'ZAP', 'foo-bar@example.com', 'ZAP', '', '2018-06-17 13:51:20'),
(1352, 'ZAP', 'foo-bar@example.com', 'ZAP', '', '2018-06-17 13:51:20'),
(1353, 'ZAP', 'foo-bar@example.com', 'ZAP', '', '2018-06-17 13:51:20'),
(1354, 'ZAP', 'foo-bar@example.com', 'ZAP', '', '2018-06-17 13:51:20'),
(1355, 'ZAP', 'foo-bar@example.com', 'ZAP', '', '2018-06-17 13:51:21'),
(1356, 'ZAP', 'foo-bar@example.com', 'ZAP', '', '2018-06-17 13:51:21'),
(1357, 'ZAP', 'foo-bar@example.com', 'ZAP', '', '2018-06-17 13:51:21'),
(1358, 'ZAP', 'foo-bar@example.com', 'ZAP', '', '2018-06-17 13:51:21'),
(1359, 'ZAP', 'foo-bar@example.com', 'ZAP', '', '2018-06-17 13:51:21'),
(1360, 'ZAP', 'foo-bar@example.com', 'ZAP', '', '2018-06-17 13:51:22'),
(1361, 'ZAP', 'foo-bar@example.com', 'ZAP', '', '2018-06-17 13:51:22'),
(1362, 'ZAP', 'foo-bar@example.com', 'ZAP', '', '2018-06-17 13:51:22'),
(1363, 'ZAP', 'foo-bar@example.com', 'ZAP', '', '2018-06-17 13:51:22'),
(1364, 'ZAP', 'foo-bar@example.com', 'ZAP', '', '2018-06-17 13:51:22'),
(1365, 'ZAP', 'foo-bar@example.com', 'ZAP', '', '2018-06-17 13:51:22'),
(1366, 'ZAP', 'foo-bar@example.com', 'ZAP', '', '2018-06-17 13:51:23'),
(1367, 'ZAP', 'foo-bar@example.com', 'ZAP', '', '2018-06-17 13:51:23'),
(1368, 'ZAP', 'foo-bar@example.com', 'ZAP', '', '2018-06-17 13:51:23'),
(1369, 'ZAP', 'foo-bar@example.com', 'ZAP', '', '2018-06-17 13:51:23'),
(1370, 'ZAP', 'foo-bar@example.com', 'ZAP', '', '2018-06-17 13:51:23'),
(1371, 'ZAP', 'foo-bar@example.com', 'ZAP', '', '2018-06-17 13:51:24'),
(1372, 'ZAP', 'foo-bar@example.com', 'ZAP', '', '2018-06-17 13:51:24'),
(1373, 'ZAP', 'foo-bar@example.com', 'ZAP', '', '2018-06-17 13:51:24'),
(1374, 'ZAP', 'foo-bar@example.com', 'ZAP', '', '2018-06-17 13:51:24'),
(1375, 'ZAP', 'foo-bar@example.com', 'ZAP', '', '2018-06-17 13:51:25'),
(1376, '\"', 'foo-bar@example.com', 'ZAP', '', '2018-06-17 13:51:25'),
(1377, 'ZAP\"', 'foo-bar@example.com', 'ZAP', '', '2018-06-17 13:51:25'),
(1378, ';', 'foo-bar@example.com', 'ZAP', '', '2018-06-17 13:51:26'),
(1379, 'ZAP;', 'foo-bar@example.com', 'ZAP', '', '2018-06-17 13:51:26'),
(1380, ')', 'foo-bar@example.com', 'ZAP', '', '2018-06-17 13:51:26'),
(1381, 'ZAP)', 'foo-bar@example.com', 'ZAP', '', '2018-06-17 13:51:26'),
(1382, 'ZAP', 'foo-bar@example.com', 'ZAP', '', '2018-06-17 13:51:26'),
(1383, 'ZAP', 'foo-bar@example.com', 'ZAP', '', '2018-06-17 13:51:26'),
(1384, 'ZAP AND 1=1 -- ', 'foo-bar@example.com', 'ZAP', '', '2018-06-17 13:51:27'),
(1385, 'ZAP AND 1=2 -- ', 'foo-bar@example.com', 'ZAP', '', '2018-06-17 13:51:27'),
(1386, 'ZAP OR 1=1 -- ', 'foo-bar@example.com', 'ZAP', '', '2018-06-17 13:51:27'),
(1387, 'ZAP AND 1=2 -- ', 'foo-bar@example.com', 'ZAP', '', '2018-06-17 13:51:27'),
(1388, 'ZAP OR 1=1 -- ', 'foo-bar@example.com', 'ZAP', '', '2018-06-17 13:51:27'),
(1389, 'ZAP', 'foo-bar@example.com', 'ZAP', '', '2018-06-17 13:51:29'),
(1390, 'ZAP', 'foo-bar@example.com', 'ZAP', '', '2018-06-17 14:06:43'),
(1391, 'ZAP', 'foo-bar@example.com', 'ZAP', '', '2018-06-17 14:06:43'),
(1392, 'ZAP', 'foo-bar@example.com', 'ZAP', '', '2018-06-17 14:06:43'),
(1393, 'ZAP', 'foo-bar@example.com', 'ZAP', '', '2018-06-17 14:06:43'),
(1394, '+response.write({0}*{1})+', 'foo-bar@example.com', 'ZAP', '', '2018-06-17 14:06:45'),
(1395, 'ZAP', 'foo-bar@example.com', '+response.write({0}*{1})+', '', '2018-06-17 14:06:48'),
(1396, 'ZAP', 'foo-bar@example.com', 'ZAP', '\";print(chr(122).chr(97).chr(112).chr(95).chr(116).chr(111).chr(107).chr(101).chr(110));$var=\"', '2018-06-17 14:06:48'),
(1397, 'ZAP', 'foo-bar@example.com', 'ZAP', '${@print(chr(122).chr(97).chr(112).chr(95).chr(116).chr(111).chr(107).chr(101).chr(110))}', '2018-06-17 14:06:49'),
(1398, 'ZAP', 'foo-bar@example.com', 'ZAP', ';print(chr(122).chr(97).chr(112).chr(95).chr(116).chr(111).chr(107).chr(101).chr(110));', '2018-06-17 14:06:49'),
(1399, 'ZAP', 'foo-bar@example.com', 'ZAP', '\"+response.write([100.000*100.000)+\"', '2018-06-17 14:06:49'),
(1400, 'ZAP', 'foo-bar@example.com', 'ZAP', '+response.write({0}*{1})+', '2018-06-17 14:06:50'),
(1401, 'ZAP', 'foo-bar@example.com', 'ZAP', 'response.write(100.000*100.000)', '2018-06-17 14:06:50'),
(1402, 'ZAP', 'foo-bar@example.com', 'ZAP', '', '2018-06-17 14:15:57'),
(1403, 'ZAP', 'foo-bar@example.com', 'ZAP', '', '2018-06-17 14:15:57'),
(1404, 'ZAP', 'foo-bar@example.com', 'ZAP', '', '2018-06-17 14:15:57'),
(1405, 'ZAP', 'foo-bar@example.com', 'ZAP', '', '2018-06-17 14:15:58'),
(1406, 'ZAP', 'foo-bar@example.com', 'ZAP', '', '2018-06-17 14:15:58'),
(1407, 'ZAP', 'foo-bar@example.com', 'ZAP', '', '2018-06-17 14:15:58'),
(1408, 'ZAP', 'foo-bar@example.com', 'ZAP', '', '2018-06-17 14:15:58'),
(1409, 'ZAP', 'foo-bar@example.com', 'ZAP', '', '2018-06-17 14:15:58'),
(1410, 'ZAP', 'foo-bar@example.com', 'ZAP', '', '2018-06-17 14:15:59'),
(1411, 'ZAP', 'foo-bar@example.com', 'ZAP', '', '2018-06-17 14:15:59'),
(1412, 'ZAP', 'foo-bar@example.com', 'ZAP', '', '2018-06-17 14:15:59'),
(1413, 'ZAP', 'foo-bar@example.com', 'ZAP', '', '2018-06-17 14:15:59'),
(1414, 'ZAP', 'foo-bar@example.com', 'ZAP', '', '2018-06-17 14:15:59'),
(1415, 'ZAP', 'foo-bar@example.com', 'ZAP', '', '2018-06-17 14:16:00'),
(1416, 'ZAP', 'foo-bar@example.com', 'ZAP', '', '2018-06-17 14:16:00'),
(1417, 'ZAP', 'foo-bar@example.com', 'ZAP', '', '2018-06-17 14:16:00'),
(1418, 'ZAP', 'foo-bar@example.com', 'ZAP', '', '2018-06-17 14:16:00'),
(1419, 'ZAP', 'foo-bar@example.com', 'ZAP', '', '2018-06-17 14:16:00'),
(1420, 'ZAP', 'foo-bar@example.com', 'ZAP', '', '2018-06-17 14:16:00'),
(1421, 'ZAP', 'foo-bar@example.com', 'ZAP', '', '2018-06-17 14:16:01'),
(1422, 'ZAP', 'foo-bar@example.com', 'ZAP', '', '2018-06-17 14:16:01'),
(1423, 'ZAP', 'foo-bar@example.com', 'ZAP', '', '2018-06-17 14:16:01'),
(1424, 'ZAP', 'foo-bar@example.com', 'ZAP', '', '2018-06-17 14:16:01'),
(1425, 'ZAP', 'foo-bar@example.com', 'ZAP', '', '2018-06-17 14:16:01'),
(1426, 'ZAP', 'foo-bar@example.com', 'ZAP', '', '2018-06-17 14:16:02'),
(1427, 'ZAP', 'foo-bar@example.com', 'ZAP', '', '2018-06-17 14:16:02'),
(1428, 'ZAP', 'foo-bar@example.com', 'ZAP', '', '2018-06-17 14:16:02'),
(1429, 'ZAP', 'foo-bar@example.com', 'ZAP', '', '2018-06-17 14:16:02'),
(1430, 'ZAP', 'foo-bar@example.com', 'ZAP', '', '2018-06-17 14:16:02'),
(1431, 'ZAP', 'foo-bar@example.com', 'ZAP', '', '2018-06-17 14:16:03'),
(1432, 'ZAP', 'foo-bar@example.com', 'ZAP', '', '2018-06-17 14:16:03'),
(1433, 'ZAP', 'foo-bar@example.com', 'ZAP', '', '2018-06-17 14:16:03'),
(1434, 'ZAP&cat /etc/passwd&', 'foo-bar@example.com', 'ZAP', '', '2018-06-17 14:16:03'),
(1435, 'ZAP;cat /etc/passwd;', 'foo-bar@example.com', 'ZAP', '', '2018-06-17 14:16:03'),
(1436, 'ZAP\"&cat /etc/passwd&\"', 'foo-bar@example.com', 'ZAP', '', '2018-06-17 14:16:04'),
(1437, 'ZAP\";cat /etc/passwd;\"', 'foo-bar@example.com', 'ZAP', '', '2018-06-17 14:16:04'),
(1438, 'ZAP&sleep 15&', 'foo-bar@example.com', 'ZAP', '', '2018-06-17 14:16:04'),
(1439, 'ZAP;sleep 15;', 'foo-bar@example.com', 'ZAP', '', '2018-06-17 14:16:05'),
(1440, 'ZAP\"&sleep 15&\"', 'foo-bar@example.com', 'ZAP', '', '2018-06-17 14:16:05'),
(1441, 'ZAP\";sleep 15;\"', 'foo-bar@example.com', 'ZAP', '', '2018-06-17 14:16:05'),
(1442, 'ZAP&sleep {0}&', 'foo-bar@example.com', 'ZAP', '', '2018-06-17 14:16:05'),
(1443, 'ZAP;sleep {0};', 'foo-bar@example.com', 'ZAP', '', '2018-06-17 14:16:05'),
(1444, 'ZAP&timeout /T 15', 'foo-bar@example.com', 'ZAP', '', '2018-06-17 14:16:07'),
(1445, 'ZAP|timeout /T 15', 'foo-bar@example.com', 'ZAP', '', '2018-06-17 14:16:07'),
(1446, 'ZAP\"&timeout /T 15&\"', 'foo-bar@example.com', 'ZAP', '', '2018-06-17 14:16:07'),
(1447, 'ZAP\"|timeout /T 15', 'foo-bar@example.com', 'ZAP', '', '2018-06-17 14:16:08'),
(1448, 'ZAP&timeout /T {0}&', 'foo-bar@example.com', 'ZAP', '', '2018-06-17 14:16:08'),
(1449, 'ZAP|timeout /T {0}', 'foo-bar@example.com', 'ZAP', '', '2018-06-17 14:16:08'),
(1450, 'ZAP;get-help', 'foo-bar@example.com', 'ZAP', '', '2018-06-17 14:16:08'),
(1451, 'ZAP\";get-help', 'foo-bar@example.com', 'ZAP', '', '2018-06-17 14:16:08'),
(1452, 'ZAP;get-help #', 'foo-bar@example.com', 'ZAP', '', '2018-06-17 14:16:09'),
(1453, 'ZAP;start-sleep -s 15', 'foo-bar@example.com', 'ZAP', '', '2018-06-17 14:16:09'),
(1454, 'ZAP\";start-sleep -s 15', 'foo-bar@example.com', 'ZAP', '', '2018-06-17 14:16:09'),
(1455, 'ZAP;start-sleep -s {0}', 'foo-bar@example.com', 'ZAP', '', '2018-06-17 14:16:09'),
(1456, 'ZAP;start-sleep -s 15 #', 'foo-bar@example.com', 'ZAP', '', '2018-06-17 14:16:10'),
(1457, 'ZAP', 'foo-bar@example.com', 'ZAP&cat /etc/passwd&', '', '2018-06-17 14:19:55'),
(1458, 'ZAP', 'foo-bar@example.com', 'ZAP;cat /etc/passwd;', '', '2018-06-17 14:19:55'),
(1459, 'ZAP', 'foo-bar@example.com', 'ZAP\"&cat /etc/passwd&\"', '', '2018-06-17 14:19:55'),
(1460, 'ZAP', 'foo-bar@example.com', 'ZAP\";cat /etc/passwd;\"', '', '2018-06-17 14:19:55'),
(1461, 'ZAP', 'foo-bar@example.com', 'ZAP&sleep 15&', '', '2018-06-17 14:19:56'),
(1462, 'ZAP', 'foo-bar@example.com', 'ZAP;sleep 15;', '', '2018-06-17 14:19:56'),
(1463, 'ZAP', 'foo-bar@example.com', 'ZAP\"&sleep 15&\"', '', '2018-06-17 14:19:56'),
(1464, 'ZAP', 'foo-bar@example.com', 'ZAP\";sleep 15;\"', '', '2018-06-17 14:19:57'),
(1465, 'ZAP', 'foo-bar@example.com', 'ZAP&sleep {0}&', '', '2018-06-17 14:19:57'),
(1466, 'ZAP', 'foo-bar@example.com', 'ZAP;sleep {0};', '', '2018-06-17 14:19:57'),
(1467, 'ZAP', 'foo-bar@example.com', 'ZAP&timeout /T 15', '', '2018-06-17 14:19:58'),
(1468, 'ZAP', 'foo-bar@example.com', 'ZAP|timeout /T 15', '', '2018-06-17 14:19:58'),
(1469, 'ZAP', 'foo-bar@example.com', 'ZAP\"&timeout /T 15&\"', '', '2018-06-17 14:19:59'),
(1470, 'ZAP', 'foo-bar@example.com', 'ZAP\"|timeout /T 15', '', '2018-06-17 14:19:59'),
(1471, 'ZAP', 'foo-bar@example.com', 'ZAP&timeout /T {0}&', '', '2018-06-17 14:19:59'),
(1472, 'ZAP', 'foo-bar@example.com', 'ZAP|timeout /T {0}', '', '2018-06-17 14:19:59'),
(1473, 'ZAP', 'foo-bar@example.com', 'ZAP;get-help', '', '2018-06-17 14:19:59'),
(1474, 'ZAP', 'foo-bar@example.com', 'ZAP\";get-help', '', '2018-06-17 14:20:00'),
(1475, 'ZAP', 'foo-bar@example.com', 'ZAP;get-help #', '', '2018-06-17 14:20:00'),
(1476, 'ZAP', 'foo-bar@example.com', 'ZAP;start-sleep -s 15', '', '2018-06-17 14:20:00'),
(1477, 'ZAP', 'foo-bar@example.com', 'ZAP\";start-sleep -s 15', '', '2018-06-17 14:20:00'),
(1478, 'ZAP', 'foo-bar@example.com', 'ZAP;start-sleep -s {0}', '', '2018-06-17 14:20:01'),
(1479, 'ZAP', 'foo-bar@example.com', 'ZAP', '&sleep {0}&', '2018-06-17 14:22:46'),
(1480, 'ZAP', 'foo-bar@example.com', 'ZAP', '', '2018-06-17 15:05:36'),
(1481, 'ZAP', 'foo-bar@example.com', 'ZAP', '', '2018-06-17 15:05:55'),
(1482, 'ZAP', 'foo-bar@example.com', 'ZAP', '', '2018-06-17 15:05:55'),
(1483, 'ZAP', 'foo-bar@example.com', 'ZAP', '', '2018-06-17 15:05:55'),
(1484, 'ZAP', 'foo-bar@example.com', 'ZAP', '', '2018-06-17 15:05:56'),
(1485, 'ZAP', 'foo-bar@example.com', 'ZAP', '', '2018-06-17 15:05:56'),
(1486, 'ZAP', 'foo-bar@example.com', 'ZAP', '', '2018-06-17 15:05:56'),
(1487, 'ZAP', 'foo-bar@example.com', 'ZAP', '', '2018-06-17 15:05:56'),
(1488, 'ZAP', 'foo-bar@example.com', 'ZAP', '', '2018-06-17 15:05:56'),
(1489, 'ZAP', 'foo-bar@example.com', 'ZAP', '', '2018-06-17 15:05:57'),
(1490, 'ZAP', 'foo-bar@example.com', 'ZAP', '534696467233917530.owasp.org', '2018-06-17 15:06:03'),
(1491, 'ZAP', 'foo-bar@example.com', 'ZAP', 'http://534696467233917530.owasp.org', '2018-06-17 15:06:03'),
(1492, 'ZAP', 'foo-bar@example.com', 'ZAP', 'https://534696467233917530.owasp.org', '2018-06-17 15:06:03'),
(1493, 'ZAP', 'foo-bar@example.com', 'ZAP', 'http:\\534696467233917530.owasp.org', '2018-06-17 15:06:03'),
(1494, 'ZAP', 'foo-bar@example.com', 'ZAP', 'https:\\534696467233917530.owasp.org', '2018-06-17 15:06:04'),
(1495, 'ZAP', 'foo-bar@example.com', 'ZAP', '//534696467233917530.owasp.org', '2018-06-17 15:06:04'),
(1496, 'ZAP', 'foo-bar@example.com', 'ZAP', '\\534696467233917530.owasp.org', '2018-06-17 15:06:04'),
(1497, 'ZAP', 'foo-bar@example.com', 'ZAP', 'HtTp://534696467233917530.owasp.org', '2018-06-17 15:06:04'),
(1498, 'ZAP', 'foo-bar@example.com', 'ZAP', '', '2018-06-17 15:18:38'),
(1499, 'ZAP', 'foo-bar@example.com', 'ZAP', 'yHUcSjsJUQNxOiwloHdSlnxCWpKKjcRaojewLhlvdDrNVNVNKTINhyPmwQglhEWvcOjUHgZNWwWvCHQBefhfXCdSZSxhFEGBXDdoWyIPChJHJYRInEDDyqGAVGurtPxxEaiLTIYTFlTRaHCuYJidnEOlLLDGpVchsZiMxAGfvnLOKjjBpIFvsSEmNMXNLpLfRfDALQpVFLWUFXsVRYELWWLMScVaEBJWPmPLlAfWCCGiyAPOxbNdDmMogsZYXZnaFILtowEMreFPBPLcFETgLtkTcgnivnvfSwkqKDBjPwjcPqqvblOjQePCutxBKXkKcBtWPnhedwHHsPIfTbjGAkwhbQkYgHfcSFvqdaHISsWqFFIalkPYqKRwfjTqLdXdEgfESyoHKNNFkFElgGanfYvVdHfLgilkEfVtvospGSWUnRKBwuQjXvpoKvffipZdXKImuGYnuipVDyLsDilIyyMjrbfKZqXTXtEIUGwGdEErdujfQgURhICYCBOUsBtdhSIvCKmOmBmawLVZBDlWFtwbaVryUJlUiHYpvbxTEWlNgFGGbZuUxrlOckkegMEJcEBoIGESKbIoaSvmWJxcPWOsOcXRBHKOKmRfbLRPacwaOriannlIVAxhfQJgvgGuIZmhSxPnIiphunvxNiVDRYfBYyoDvHIHSUwerVyjYWdpOgRtWYQZOxQhGDnmJRZhbPSHoJRYIBvDpQONoIXtieSobvjtmwbKkYhvlJiiiBYAGopiRJhAUdAkCICQPowENDBRxqTcSyyvMmXnDfnrDoNDwrrnMPTbGrqTbGuLJWjMhpxlcfHpvVExlgdvgJwCPdFWqJumWGoObBsUCmAOHsNvjhZgenucReTWDGGtbmAlZjPKyswSLIPiBquyAUPkvrmlweyvCLhXqTNhlxjpbTLHBqlmhRKomPiUIRZVKlxYarHYveivsQHNshryGadrZswHogXvBFmdCwsGGSiJWxXWYwPXpKQiLvltDYuMdeuboQKvDOOUhTyfRpDYpnkSnkcgBunnumDaeWJrGFMcMdiNKGShXZBNbBRMEXSyTGOjcUeTtRgrZiqBbhEdcRnuYpvRTrCIciMYFcduRGiomqvoRbWPMboBJsBTgMdSHIgNWiODflputAjoHJIluJNqoXKMQyglyWdOFfJZARZVDQwfdaVyZUtjdQwUPREPRDTJamODoPQBcRJZwbPertiMRmWXciCKhMAFWvlmhJiVUYDvBRYtkWKShtHUqdOjyQqZkYhndZGKdlhUfoJqHVkprpXKKPmyRhsaWQpGQhKsWDgFDvHaIIyqheUaEjEYCFDZMToYekhEaivVtVavmUdqfJrUJbnsOYGcZsByJweJBnEPuiirkMoPOuHJlohmoSkgdTfIJONgTSgrrKRBlUDFbcwJLahJfsdACHvKxQnHyQqWTqWWOgQJIuApnteyyKPiAkciIlfRiguMfQUFPbcQQgsDXbrFtWAdhSVlStVbdZGalReEuQcoyyLwGjXRNhmnCefOfXDJpxbcxLPtEdqbRbTEsourHZJpXrjhXkyygUkrGWsJCoEGsBreBvAAUYWuAhuZIVdNybTPjQuCHNxOgQsAlPAMjRnsqUsfvnScXDLDgvPoBwEBZVMeluLXQqAOlOXSUneCqFZpbxHYPyonoYxnclMgECcvZdfcMnedekdiZIxvIUEbXwUDDrvEILRASYrgQNHnmkFGSEZEMWWEoCEkqLrNIfxwvJDsrcuOZCiJAqniFlWUeTyduQgCWHUXZoopMbSewILlNVZSUOoAgaXJCnOoMmqXGbLOVXypWgvNcXfcjhOhpCykVNUREjhQVsaxKhEZbUdVQRylGHePKHomqLeLksKIJfhioWcoXNSaWYWfiVpjUKodOldYqrtwtDuGoHctPAuZfdkgYrRlheUtFEAfYCnQnkLaYsraLIGyhXhlWlPgijhpbEYCUtgtRsUmAujjyWydpQTlwldWryebXZUOODSbknKNLfPebeqKnvsjkYPsXaWPDFxmkatLjrtIKkFJgEFcicZuuWLOKeyAGIiOafNfAEadEGfkSxqOJhccVtKxQeNEGnLRqEfIyTKXkTgO', '2018-06-17 15:18:38'),
(1500, 'ZAP', 'foo-bar@example.com', 'ZAP', '', '2018-06-17 15:50:55'),
(1501, 'ZAP', 'foo-bar@example.com', 'ZAP', '', '2018-06-17 15:50:55'),
(1502, 'ZAP', 'foo-bar@example.com', 'ZAP', '', '2018-06-17 15:50:55'),
(1503, 'ZAP', 'foo-bar@example.com', 'ZAP', '', '2018-06-17 15:50:56'),
(1504, 'ZAP', 'foo-bar@example.com', 'ZAP', '', '2018-06-17 15:50:57'),
(1505, 'ZAP', 'foo-bar@example.com', 'ZAP', 'ZAP', '2018-06-17 15:50:57'),
(1506, 'ZAP', 'foo-bar@example.com', 'ZAP', 'ZAP%n%s%n%s%n%s%n%s%n%s%n%s%n%s%n%s%n%s%n%s%n%s%n%s%n%s%n%s%n%s%n%s%n%s%n%s%n%s%n%s\n', '2018-06-17 15:50:57'),
(1507, 'ZAP', 'foo-bar@example.com', 'ZAP', 'ZAP %1!s%2!s%3!s%4!s%5!s%6!s%7!s%8!s%9!s%10!s%11!s%12!s%13!s%14!s%15!s%16!s%17!s%18!s%19!s%20!s%21!n%22!n%23!n%24!n%25!n%26!n%27!n%28!n%29!n%30!n%31!n%32!n%33!n%34!n%35!n%36!n%37!n%38!n%39!n%40!n\n', '2018-06-17 15:50:58'),
(1508, 'ZAP', 'foo-bar@example.com', 'ZAP', '', '2018-06-17 15:53:02'),
(1509, 'ZAP', 'foo-bar@example.com', 'ZAP', '', '2018-06-17 15:53:02'),
(1510, 'ZAP', 'foo-bar@example.com', 'ZAP', '', '2018-06-17 15:53:03'),
(1511, 'ZAP', 'foo-bar@example.com', 'ZAP', '', '2018-06-17 15:53:03'),
(1512, 'ZAP', 'foo-bar@example.com', 'ZAP', '', '2018-06-17 15:53:03'),
(1513, 'ZAP', 'foo-bar@example.com', 'ZAP', '', '2018-06-17 15:53:03'),
(1514, 'ZAP', 'foo-bar@example.com', 'ZAP', '', '2018-06-17 15:53:03'),
(1515, 'ZAP', 'foo-bar@example.com', 'ZAP', 'Set-cookie: Tamper=21d6f6ac-10c9-4ba3-91b2-86d3206421df', '2018-06-17 15:53:08'),
(1516, 'ZAP', 'foo-bar@example.com', 'ZAP', 'any\r\nSet-cookie: Tamper=21d6f6ac-10c9-4ba3-91b2-86d3206421df', '2018-06-17 15:53:08'),
(1517, 'ZAP', 'foo-bar@example.com', 'ZAP', 'any?\r\nSet-cookie: Tamper=21d6f6ac-10c9-4ba3-91b2-86d3206421df', '2018-06-17 15:53:08'),
(1518, 'ZAP', 'foo-bar@example.com', 'ZAP', 'any\nSet-cookie: Tamper=21d6f6ac-10c9-4ba3-91b2-86d3206421df', '2018-06-17 15:53:08'),
(1519, 'ZAP', 'foo-bar@example.com', 'ZAP', '', '2018-06-17 16:01:47'),
(1520, 'ZAP', 'foo-bar@example.com', 'ZAP', '', '2018-06-17 16:01:47'),
(1521, 'ZAP', 'foo-bar@example.com', 'ZAP', '', '2018-06-17 16:01:47'),
(1522, 'ZAP', 'foo-bar@example.com', 'ZAP', '', '2018-06-17 16:01:47'),
(1523, 'ZAP', 'foo-bar@example.com', 'ZAP', '', '2018-06-17 16:01:47'),
(1524, 'ZAP', 'foo-bar@example.com', 'ZAP', '', '2018-06-17 16:01:48'),
(1525, 'ZAP', 'foo-bar@example.com', 'ZAP', '', '2018-06-17 16:01:48'),
(1526, 'ZAP', 'foo-bar@example.com', 'ZAP', '', '2018-06-17 16:01:48'),
(1527, '', 'foo-bar@example.com', 'ZAP', '', '2018-06-17 16:01:48'),
(1528, '', 'foo-bar@example.com', 'ZAP', '', '2018-06-17 16:01:48'),
(1529, '@', 'foo-bar@example.com', 'ZAP', '', '2018-06-17 16:01:49'),
(1530, '+', 'foo-bar@example.com', 'ZAP', '', '2018-06-17 16:01:49'),
(1531, '\0', 'foo-bar@example.com', 'ZAP', '', '2018-06-17 16:01:49'),
(1532, '|', 'foo-bar@example.com', 'ZAP', '', '2018-06-17 16:01:49'),
(1533, 'ZAP', 'foo-bar@example.com', 'ZAP', '', '2018-06-17 16:01:49'),
(1534, 'ZAP', 'foo-bar@example.com', 'ZAP', '', '2018-06-17 16:01:51'),
(1535, 'ZAP', 'foo-bar@example.com', '', '', '2018-06-17 16:01:51'),
(1536, 'ZAP', 'foo-bar@example.com', '', '', '2018-06-17 16:01:52'),
(1537, 'ZAP', 'foo-bar@example.com', '@', '', '2018-06-17 16:01:52'),
(1538, 'ZAP', 'foo-bar@example.com', '+', '', '2018-06-17 16:01:52'),
(1539, 'ZAP', 'foo-bar@example.com', '\0', '', '2018-06-17 16:01:52'),
(1540, 'ZAP', 'foo-bar@example.com', '|', '', '2018-06-17 16:01:53'),
(1541, 'ZAP', 'foo-bar@example.com', 'ZAP', '', '2018-06-17 16:01:53'),
(1542, 'ZAP', 'foo-bar@example.com', 'ZAP', '', '2018-06-17 16:01:53'),
(1543, 'ZAP', 'foo-bar@example.com', 'ZAP', '', '2018-06-17 16:01:53'),
(1544, 'ZAP', 'foo-bar@example.com', 'ZAP', '@', '2018-06-17 16:01:53'),
(1545, 'ZAP', 'foo-bar@example.com', 'ZAP', '+', '2018-06-17 16:01:54'),
(1546, 'ZAP', 'foo-bar@example.com', 'ZAP', '\0', '2018-06-17 16:01:54'),
(1547, 'ZAP', 'foo-bar@example.com', 'ZAP', '|', '2018-06-17 16:01:54'),
(1548, 'Helena Silva', 'Helena_vendas901@live.com', 'Sugestao para seu site', 'Que tal aumentar o trafego e visitas de seu site www.destinosustentavel.org ???\r\nQuanto maior o trafego maiores as possibilidades de venda. Tenha seu proprio software gerador de trafego com valor promocional R$39,90, e tenha visitas sempre que precisar. O Software tambÃ©m gera visualizacoes nos seus videos, e os resultados podem ser auferidos pelo Google Analytcs. \r\nhttps://www.geradordetrafego.com.br \r\nBoas Vendas! \r\nHelena', '2018-06-18 09:03:37'),
(1549, 'Pare a Queda de Cabelo', 'pareaquedaresponder@gmail.com', 'Pare a Queda de Cabelo', 'OlÃ¡ Sou Beatriz Evangelista visitei seu site Destinosustentavel, e gostaria de indicar esse mÃ©todo.\r\n\r\nSe vocÃª ou alguÃ©m que conheÃ§a necessite...\r\n\r\nConheÃ§a Agora A Ãšnica Maneira Comprovada De Evitar a Queda de Cabelo\r\n\r\nsem gastar com produtos caros.\r\n\r\nAcesse Agora:https://www.pareaquedadecabelo.com/af/5770\r\n\r\nAbraÃ§os\r\nBernard Richard - Pare a Queda de Cabelo', '2018-06-20 19:26:50'),
(1550, 'AgÃªncia HD3 ', 'agencia@hd3publicidade.com.br', 'Site Novo', 'Seu site estÃ¡ desatualizado ou ainda nÃ£o tem um site?\r\n\r\nDesenvolvemos sites com as mais novas tecnologias para que sua empresa ou negÃ³cio possa se destacar no mercado cada vez mais competitivo.\r\n\r\n- RESPONSIVO\r\nSites adaptados para abrir de acordo com os dispositivos mÃ³vel acessado: smartphones, tablets, notebooks e desktops.\r\n\r\n- INTEGRAÃ‡ÃƒO COM WHATSAPP\r\nSeus clientes nÃ£o pagarÃ£o mais nada para falar com vocÃª, integramos o whatsapp dentro do seu site.\r\n\r\n- SITE ONE PAGE\r\nNa internet quanto menos Ã© mais. Todas informaÃ§Ãµes sobre produtos ou serviÃ§os totalmente equacionados para facilitar a interaÃ§Ã£o entre vocÃª e seus cientes. Envolvimento direto para que o visitante possa se sentir mais atraÃ­do e tome decisÃµes mais rÃ¡pidas quanto o que vocÃª vende ou estÃ¡ oferecendo.\r\n\r\n- MAIS VELOCIDADE\r\nSites One Page sÃ£o mais rÃ¡pidos. Seu conteÃºdo Ã© carregado de uma sÃ³ vez facilitando a navegaÃ§Ã£o.\r\n\r\n- DESIGN PERSONALIZADO\r\nDesenvolvemos seu site sob medida, ele terÃ¡ um visual Ãºnico, respeitando as cores e a identidade visual de sua empresa.\r\n\r\n- OTIMIZAÃ‡ÃƒO\r\nInserimos os cÃ³digos recomendados para que seu site possa ter um bom posicionamento na busca orgÃ¢nica do Google, Mais retorno e visualizaÃ§Ã£o de seu site.\r\n\r\nOUTRAS VANTAGENS:\r\n- Em nossa hospedagem vocÃª terÃ¡ acesso as estatÃ­sticas de acesso diÃ¡rias e mensais, descobrirÃ¡ quantas pessoas estÃ£o acessando seu site.\r\n- IntegraÃ§Ã£o as Redes Sociais\r\n- Banners com movimentos\r\n- Galeria de Fotos\r\n- Galeria de VÃ­deos\r\n- FormulÃ¡rio de contato e orÃ§amentos\r\n- Mapa de LocalizaÃ§Ã£o (opcional)\r\n- Hospedagem - Servidores de Ãºltima geraÃ§Ã£o garantindo seguranÃ§a e confiabilidade. \r\n\r\n\r\nPROMOÃ‡ÃƒO POR TEMPO LIMITADO:\r\nR$ 990,00 parcelado no CartÃ£o de CrÃ©dito, ou Ã¡ vista 10% de desconto.\r\nACESSE O NOSSO SITE E SAIBA MAIS.\r\nhttp://www.hd3publicidade.com.br/hotpage.php\r\n\r\nFale conosco por E-mail: contato@hd3publicidade.com.br\r\nTelefone: (11) 3415-5215\r\nOu Whatsapp: (11) 99189-5612\r\n\r\nCaso nÃ£o deseje mais receber nossas mensagens acesse o link:\r\nhttp://www.hd3publicidade.com.br/sair_lista', '2018-06-21 03:05:19'),
(1551, 'William', 'novaelevabrasil@gmail.com', 'Veja isto', 'ParabÃ©ns pelo seu site: www.destinosustentavel.org Agora veja isto. Consegui aumentar minhas vendas em 30% em apenas um mÃªs. O segredo Ã© fazer uma publicaÃ§Ã£o por dia na sua pÃ¡gina do Facebook. Temos este serviÃ§o para Facebook, por apenas R$ 68,00, fazemos 20 publicaÃ§Ãµes em sua pÃ¡gina. JÃ¡ testei com diversos clientes e todos tiveram resultados. Para saber mais, por favor, acesse: https://www.bceleva.com.br/produto/gestao-de-redes-sociais-facebook/ Whatsapp (11) 9 5876-4459\r\n\r\n\r\n\r\n\r\n\r\n\r\n\r\n-\r\n', '2018-06-22 10:28:17'),
(1552, 'William', 'novaelevabrasil@gmail.com', 'InformaÃ§Ã£o', 'Em seu site www.destinosustentavel.org vocÃª pode vender mais com um Apresentador Virtual. Ã‰ uma pessoa em 3D que fala seu texto. Criamos e instalamos em seu site. Ele pode falar seu texto por atÃ© 2 minutos, veja os exemplos em nosso site: https://www.bceleva.com.br/produto/apresentador-virtual-para-sites/ Nosso Whatsapp para dÃºvidas (11) 9 5876 4459.\r\n\r\n\r\n\r\n\r\n\r\n\r\n\r\n-\r\n', '2018-07-03 15:50:08'),
(1553, 'ProFunder365', 'noreply@profunder365.com', '', 'Hi, letting you know that http://ProFunder365.com can find your business a SBA or private loan for $2,000 - $350K Without high credit or collateral. \r\n \r\nFind Out how much you qualify for by clicking here: \r\n \r\nhttp://ProFunder365.com \r\n \r\nMinimum requirements include your company being established for at least a year and with current gross revenue of at least 120K. Eligibility and funding can be completed in as fast as 48hrs. Terms are personalized for each business so I suggest applying to find out exactly how much you can get on various terms. \r\n \r\nThis is a free service from a qualified lender and the approval will be based on the annual revenue of your business. These funds are Non-Restrictive, allowing you to spend the full amount in any way you require including business debt consolidation, hiring, marketing, or Absolutely Any Other expense. \r\n \r\nIf you need fast and easy business funding take a look at these programs now as there is limited availability: \r\n \r\nhttp://ProFunder365.com \r\n \r\nHave a great day, \r\nThe Pro Funder 365 Team \r\n \r\nunsubscribe/remove - http://ProFunder365.com/r.php?url=destinosustentavel.org&id=e104', '2018-07-05 06:43:21'),
(1554, 'Guilherme Galassi', 'novaelevabrasil@gmail.com', 'Atualizacao de site', 'Se vocÃª precisar atualizar seu site com novos textos, fotos e pÃ¡ginas, temos o serviÃ§o de atualizaÃ§Ã£o de 30 dias por apenas R$ 68,00. \r\n\r\nhttps://www.bceleva.com.br/produto/atualizacao-e-manutencao-de-sites  \r\n\r\nNosso Whatsapp para dÃºvidas (11) 9 5876 4459\r\n', '2018-07-13 22:37:37'),
(1555, 'ProFunder247', 'noreply@profunder-247.com', '', 'Hi, letting you know that http://ProFunder-247.com can find your business a SBA or private loan for $2,000 - $350K Without high credit or collateral. \r\n \r\nFind Out how much you qualify for by clicking here: \r\n \r\nhttp://ProFunder-247.com \r\n \r\nMinimum requirements include your company being established for at least a year and with current gross revenue of at least 120K. Eligibility and funding can be completed in as fast as 48hrs. Terms are personalized for each business so I suggest applying to find out exactly how much you can get on various terms. \r\n \r\nThis is a free service from a qualified lender and the approval will be based on the annual revenue of your business. These funds are Non-Restrictive, allowing you to spend the full amount in any way you require including business debt consolidation, hiring, marketing, or Absolutely Any Other expense. \r\n \r\nIf you need fast and easy business funding take a look at these programs now as there is limited availability: \r\n \r\nhttp://ProFunder-247.com \r\n \r\nHave a great day, \r\nThe Pro Funder 247 Team \r\n \r\nunsubscribe/remove - http://ProFunder-247.com/r.php?url=destinosustentavel.org&id=e106', '2018-07-19 04:50:43'),
(1556, 'FIM DA DOR DE CABEÃ‡A.', 'tudoonlineaqui@bol.com.br', 'MÃ©todo 100% Comprovado', 'COMO VAI [NOME], Tudo bem?.\r\n\r\nQuem Sabe VocÃª precise, ou Sabe de AlguÃ©m que necessite Saber disso?.\r\n\r\nAcabe de maneira simples com a Dor de CabeÃ§a!\r\n\r\nFinalmente Uma Maneira 100% Comprovada, Simples, PrÃ¡tica e Eficaz de Acabar com a \"Dor de CabeÃ§a\"\r\n\r\nAcesse agora, e Saiba Mais: https://www.fimdadordecabeca.com.br/af/5770\r\n\r\n\r\n\r\n\r\n\r\n\r\n\r\n', '2018-07-22 03:37:38'),
(1557, 'Suelen Zanini', 'no-replay-_vendas745@gmail.com', 'Guia Alimentar Completo', 'OlÃ¡, meu nome Ã© Suelen Zanini\r\n\r\nTudo bem ?\r\n\r\nComprovado !! Descubra como emagrecer de forma natural:\r\n\r\nhttp://bit.ly/cardapio_low\r\n\r\n** GARANTIA DE 30 DIAS **\r\n\r\nSuelen\r\n\r\n\r\n\r\nNÃ£o tem interesse nesta oferta: \r\nhttp://www.sairdalista.site?u=http://www.destinosustentavel.org&c=c62f53ff9e31F0D8F8F9', '2018-07-26 07:04:50'),
(1558, 'Flavia Galassi', 'flavia_contato288@gmail.com', 'Dica de divulgaÃ§Ã£o', 'OlÃ¡ Destinosustentavel. Fiquei sabendo de uma ferramenta muito boa para divulgar empresas, produtos e serviÃ§os. Veja ai se pode te ajudar:\r\n\r\nhttps://www.bceleva.com.br/produto/mini-video-comercial-para-empresas/\r\n\r\nSe tiver alguma dÃºvida, fala com o William no zap dele:\r\n\r\n(11) 9 5876 4459\r\n\r\nAbraÃ§o\r\n\r\nFlavia Galassi\r\n\r\n', '2018-07-27 13:32:11'),
(1559, 'Gaby Facchini', 'zanettigrafica@bol.com.br', 'ServiÃ§os grÃ¡ficos', 'OlÃ¡, meu nome Ã© Gaby Facchini e gostaria de apresentar nossa empresa e nossos serviÃ§os grÃ¡ficos. \r\n\r\nSomos uma GrÃ¡fica localizada na zona norte de SÃ£o paulo.\r\nProduzimos impressos desde os mais simples de 1 cor, Ã  impressos coloridos como catÃ¡logos, pastas, cartÃµes, livros, revistas etc; e tambÃ©m banners e adesivos com impressÃ£o digital.\r\n\r\nAtualmente trabalhamos com equipamento Roland 200, que nos proporciona rapidez e qualidade aos nossos impressos e estamos Ã  disposiÃ§Ã£o para orÃ§amentos e nova parceria.\r\n\r\nConheÃ§a um pouco de nÃ³s atravÃ©s de nosso site: www.zanettigrafica.com.br \r\n\r\n****** Envie seus pedidos de orÃ§amento para vendas@zanettigrafica.com.br \r\n\r\nDesde jÃ¡ desejo Boas Vendas\r\nGaby\r\n\r\n\r\n\r\nNÃ£o tem interesse nesse tipo de serviÃ§o: \r\nhttp://www.sairdalista.site?u=http://www.destinosustentavel.org&c=db46b9d0568794320486', '2018-07-28 04:26:42'),
(1560, 'Peter Winter', 'winter@example.com', '555-555-0199@example.com', '', '2018-07-29 18:01:26'),
(1561, 'William Marques', 'novaelevabrasil@gmail.com', 'PosiÃ§Ã£o no Google', 'VocÃª quer melhorar a posiÃ§Ã£o do seu site no Google?\r\n\r\nTemos o serviÃ§o certo para vocÃª.\r\n\r\nOferecemos a criaÃ§Ã£o de 20 mil backlinks para seu site.\r\n\r\nBacklinks, sÃ£o links de outros sites que apontam para seu site.\r\n\r\nCada link Ã© um ponto para seu site junto ao Google.\r\n\r\nO Google pensa assim, se este site tem bastante indicaÃ§Ã£o, ele Ã© relevante, portanto vou elevar ele nos resultados de busca.\r\n\r\nAcesse e saiba mais:\r\n\r\nhttps://www.bceleva.com.br/produto/20-mil-backlinks-para-seu-site/\r\n\r\nSe tiver alguma dÃºvida, fala conosco pelo WhatsApp (11) 9 5876 4459\r\n\r\nWilliam Marques', '2018-08-07 08:54:47'),
(1562, 'Elizabeth Gonzalez', 'elizabethghoa2gonzalez@aol.com', '', 'Have you seen this?\r\n\r\nhttp://businesshacks.online/may/2018/new-lead-gen-method\r\n\r\nIts so simple, I had to check it out to believe it. \r\n\r\nElizabeth G\r\n\r\n\r\n\r\n\r\n\r\n\r\n\r\n\r\n\r\n\r\n\r\n\r\n\r\n\r\n\r\n\r\n\r\n\r\n\r\n500 Westover Dr #12733\r\nSanford, NC 27330\r\n\r\nMy apologies if this commercial message was not relevant for you. To prevent any future correspondence please visit: http://businesshacks.online/out.php/?site=destinosustentavel.org\r\n', '2018-08-10 12:56:18'),
(1563, 'Peter Winter', 'winter@example.com', '555-555-0199@example.com', '', '2018-08-15 09:53:47'),
(1564, 'Peter Winter', 'winter@example.com', '555-555-0199@example.com', '', '2018-08-15 09:53:55'),
(1565, 'ProFunding247', 'noreply@profunding-247.com', '', 'Hi, letting you know that http://ProFunding-247.com can find your business a SBA or private loan for $2,000 - $350K Without high credit or collateral. \r\n \r\nFind Out how much you qualify for by clicking here: \r\n \r\nhttp://ProFunding-247.com \r\n \r\nMinimum requirements include your company being established for at least a year and with current gross revenue of at least 120K. Eligibility and funding can be completed in as fast as 48hrs. Terms are personalized for each business so I suggest applying to find out exactly how much you can get on various terms. \r\n \r\nThis is a free service from a qualified lender and the approval will be based on the annual revenue of your business. These funds are Non-Restrictive, allowing you to spend the full amount in any way you require including business debt consolidation, hiring, marketing, or Absolutely Any Other expense. \r\n \r\nIf you need fast and easy business funding take a look at these programs now as there is limited availability: \r\n \r\nhttp://ProFunding-247.com \r\n \r\nHave a great day, \r\nThe Pro Funding 247 Team \r\n \r\nunsubscribe/remove - http://ProFunding-247.com/r.php?url=destinosustentavel.org&id=e110', '2018-08-16 11:44:41'),
(1566, 'William Marques', 'novaelevabrasil@gmail.com', 'PosiÃ§Ã£o no Google', 'VocÃª quer melhorar a posiÃ§Ã£o do seu site no Google?\r\n\r\nTemos o serviÃ§o certo para vocÃª.\r\n\r\nOferecemos a criaÃ§Ã£o de 20 mil backlinks para seu site.\r\n\r\nBacklinks, sÃ£o links de outros sites que apontam para seu site.\r\n\r\nCada link Ã© um ponto para seu site junto ao Google.\r\n\r\nO Google pensa assim, se este site tem bastante indicaÃ§Ã£o, ele Ã© relevante, portanto vou elevar ele nos resultados de busca.\r\n\r\nAcesse e saiba mais:\r\n\r\nhttps://www.bceleva.com.br/produto/20-mil-backlinks-para-seu-site/\r\n\r\nSe tiver alguma dÃºvida, fala conosco pelo WhatsApp (11) 9 5876 4459\r\n\r\nWilliam Marques', '2018-08-20 10:27:32'),
(1567, 'Susan Diaz', 'SusanPii03@gmail.com', '', 'Hello, after visiting your website I wanted to let you know that we work with organizations like yours to publish a custom made promotional & marketing video that features your company online.\r\n \r\nThis video would tell the story of your organization.\r\n \r\nThe 90 second video below shows you what this custom made video can do for your company.\r\n \r\nTo watch the video please visit:\r\nhttps://www.video4org.com/?=destinosustentavel.org\r\n \r\nVisit today, and weâ€™ll send you a free marketing report.\r\n \r\nThanks for your time.\r\n \r\nSincerely,\r\n \r\n-Susan Diaz\r\nAffiliate for Video Services\r\n \r\n\r\n\r\n\r\n\r\n\r\n\r\n\r\n\r\n\r\n\r\n\r\n\r\n\r\n \r\n- This commercial message sent from PJLK Marketing LC\r\n4470 W Sunset Blvd #91359\r\nLos Angeles, CA 90027\r\n \r\nTo stop receiving messages from us simply click the link below:\r\nhttps://businessinsights.top/out.php/?site=destinosustentavel.org\r\n\r\n\r\n\r\n', '2018-08-22 07:41:08'),
(1568, 'Ana Luiza Cardoso', 'no-replycontato305@outlook.com', 'Natura Online 2018', 'OlÃ¡, meu nome Ã© Ana Luiza Cardoso e seu amigo Luiz Gustavo \r\n\r\ncomentou que vocÃªs utilizam Perfumes da Natura no seu dia a dia.\r\n\r\nSabendo disso, aproveita para te indicar o site da Andrea Massaneiro Natura Online para vocÃª navegar e fazer suas comporas sem ter que sair de casa ou de seu trabalho.\r\n\r\nConheÃ§a as novidades para o mÃªs de setembro e outubro que ela estÃ¡ lhe oferecendo.\r\n\r\nrede.natura.net/espaco/andreamassaneiro\r\n\r\nDesde jÃ¡ desejo Boas Vendas\r\nAna Luiza\r\n\r\n\r\n\r\nNÃ£o tem interesse nesta oferta: \r\nhttp://www.sairdalista.site?u=http://www.destinosustentavel.org&c=6b027e1de37f8EC2251F', '2018-09-07 14:06:41'),
(1569, 'WhatsApp Turbo', 'divulgaformulario@gmail.com', 'Divulgue por WhatsApp', 'Software para divulgaÃ§Ã£o com WhatsApp\r\n\r\nhttps://whatscontacts.com/whatsturbo \r\n\r\nBoas vendas\r\n\r\n\r\n', '2018-09-11 11:24:49'),
(1570, 'William Marques', 'novaelevabrasil@gmail.com', 'Visitas para seu site', '1.500 visitas do Brasil em seu site durante 7 dias por apenas R$ 15,00. \r\nPagamento Ãšnico.\r\n\r\nSaiba mais aqui:\r\nhttps://www.bceleva.com.br/produto/1-500-visitas-do-brasil-em-seu-site-em-7-dias/\r\n\r\nSe tiver alguma dÃºvida, fala conosco pelo WhatsApp (11) 9 5876 4459\r\n\r\nWilliam Marques', '2018-09-11 20:01:28'),
(1571, 'Eclioster Girvando', 'dformulario@gmail.com', 'Navegue com privacidade', 'Quer aumentar a privacidade de sua navegaÃ§Ã£o na internet?  \r\n\r\nConheÃ§a um pequeno software que muda o IP de seu computador com o clique de um botÃ£o, deixando apenas sua mÃ¡quina com IP diferente na rede, sem afetar os demais dispositivos. Mude o IP a cada minuto e evite ser rastreado.\r\nNavegue com total privacidade, sem ser monitorado pelos posicionadores nem localizadores da internet.\r\n\r\nhttps://www.mudarip.com\r\n\r\nPreÃ§o de lanÃ§amento do software, apenas R$ 50,00. Tenha uma internet mais segura para sua empresa.', '2018-09-14 00:02:10'),
(1572, 'DomainWeb Planters', 'noreply@domainwebplanters.com', '1', 'Disclaimer: We are not liable for any financial loss, lost data, missed customers, loss of search engine rankings, undelivered email or any other damages that you may incur due to the expiration of destinosustentavel.org. For further information please refer to section 12.b.7a of our User Agreement. \n\n This is your final notification to renew destinosustentavel.org: \n\n https://domainwebplanters.com/?n=destinosustentavel.org&r=a \n\n In the event that you allow destinosustentavel.org to expire, the listing will be automatically deleted from our servers within 3 business days. After expiration, we reserve the right to offer your web listing to competing businesses or interested parties in the same category and state/region after 3 business days on an auction basis. \n\n This is the final notification that we are required to transmit for the expiration of destinosustentavel.org \n\n Secure Online Payment: \n\n https://domainwebplanters.com/?n=destinosustentavel.org&r=a \n\n All services will be restored automatically on destinosustentavel.org if payment is received in full on time before expiration. We thank you for your cooperation.', '2018-09-16 03:49:02'),
(1573, 'Allana Vasconcelos', 'allana_promocao416@ig.com.br', 'Automacao Digital', 'OlÃ¡, meu nome Ã© Allana Vasconcelos e seu amigo JoÃ£o Pedro indicou seu site (Destinosustentavel) para que eu possa apresentar um novo sistema em AutomaÃ§Ã£o Digital para empresa!\r\n\r\nVeja mais como Ã© possÃ­vel em nosso site:\r\n\r\nhttp://automacaodigital.conecta.site\r\n\r\nBons negÃ³cios!\r\n\r\nAllana\r\n', '2018-09-16 05:27:07'),
(1574, 'Maria Helena Arrida', 'mariahelena_contato226@msn.com', 'Automacao Digital', 'OlÃ¡, meu nome Ã© Maria Helena Arrida e seu amigo Renato indicou seu site (Destinosustentavel) para que eu possa apresentar um novo sistema em AutomaÃ§Ã£o Digital para empresa!\r\n\r\nVeja mais como Ã© possÃ­vel em nosso site:\r\n\r\nhttp://automacaodigital.conecta.site\r\n\r\nBons negÃ³cios!\r\n\r\nMaria Helena\r\n', '2018-09-16 23:57:54'),
(1575, 'AgÃªncia HD3', 'agencia@hd3publicidade.com.br', 'Site Responsivo', 'Sair da lista:\r\nhttp://www.hd3publicidade.com.br/sair_lista\r\n\r\nSeu site estÃ¡ desatualizado ou ainda nÃ£o tem um site?\r\n\r\nDesenvolvemos sites com as mais novas tecnologias para que sua empresa ou negÃ³cio possa se destacar no mercado cada vez mais competitivo.\r\n\r\n- RESPONSIVO\r\nSites adaptados para abrir de acordo com os dispositivos mÃ³vel acessado: smartphones, tablets, notebooks e desktops.\r\n\r\n- INTEGRAÃ‡ÃƒO COM WHATSAPP\r\nSeus clientes nÃ£o pagarÃ£o mais nada para falar com vocÃª, integramos o whatsapp dentro do seu site.\r\n\r\n- SITE ONE PAGE\r\nNa internet quanto menos Ã© mais. Todas informaÃ§Ãµes sobre produtos ou serviÃ§os totalmente equacionados para facilitar a interaÃ§Ã£o entre vocÃª e seus cientes. Envolvimento direto para que o visitante possa se sentir mais atraÃ­do e tome decisÃµes mais rÃ¡pidas quanto o que vocÃª vende ou estÃ¡ oferecendo.\r\n\r\n- MAIS VELOCIDADE\r\nSites One Page sÃ£o mais rÃ¡pidos. Seu conteÃºdo Ã© carregado de uma sÃ³ vez facilitando a navegaÃ§Ã£o.\r\n\r\n- DESIGN PERSONALIZADO\r\nDesenvolvemos seu site sob medida, ele terÃ¡ um visual Ãºnico, respeitando as cores e a identidade visual de sua empresa.\r\n\r\n- OTIMIZAÃ‡ÃƒO\r\nInserimos os cÃ³digos recomendados para que seu site possa ter um bom posicionamento na busca orgÃ¢nica do Google, Mais retorno e visualizaÃ§Ã£o de seu site.\r\n\r\nOUTRAS VANTAGENS:\r\n- Em nossa hospedagem vocÃª terÃ¡ acesso as estatÃ­sticas de acesso diÃ¡rias e mensais, descobrirÃ¡ quantas pessoas estÃ£o acessando seu site.\r\n- IntegraÃ§Ã£o as Redes Sociais\r\n- Banners com movimentos\r\n- Galeria de Fotos\r\n- Galeria de VÃ­deos\r\n- FormulÃ¡rio de contato e orÃ§amentos\r\n- Mapa de LocalizaÃ§Ã£o (opcional)\r\n- Hospedagem - Servidores de Ãºltima geraÃ§Ã£o garantindo seguranÃ§a e confiabilidade. \r\n\r\n\r\nPROMOÃ‡ÃƒO POR TEMPO LIMITADO:\r\nR$ 990,00 parcelado no CartÃ£o de CrÃ©dito, ou Ã¡ vista 10% de desconto.\r\nACESSE O NOSSO SITE E SAIBA MAIS.\r\nhttp://www.hd3publicidade.com.br/hotpage.php\r\n\r\nFale conosco por E-mail: contato@hd3publicidade.com.br\r\nTelefone: (11) 3415-5215\r\nOu Whatsapp: (11) 99444-9764\r\n', '2018-09-17 08:42:35');

-- --------------------------------------------------------

--
-- Estrutura da tabela `notificacoes`
--

DROP TABLE IF EXISTS `notificacoes`;
CREATE TABLE `notificacoes` (
  `idNotificacao` int(11) NOT NULL,
  `atividades_idAtividade` int(11) NOT NULL,
  `usuarios_idUsuario` int(11) NOT NULL,
  `data_hora` timestamp NOT NULL DEFAULT CURRENT_TIMESTAMP,
  `visualizada` int(1) NOT NULL DEFAULT '0'
) ENGINE=InnoDB DEFAULT CHARSET=latin1;

--
-- Extraindo dados da tabela `notificacoes`
--

INSERT INTO `notificacoes` (`idNotificacao`, `atividades_idAtividade`, `usuarios_idUsuario`, `data_hora`, `visualizada`) VALUES
(10, 172, 3, '2017-10-08 22:56:57', 0),
(11, 172, 3, '2017-10-09 01:24:59', 0),
(12, 172, 3, '2017-10-09 01:41:45', 0),
(13, 108, 65, '2017-10-09 11:36:18', 0),
(14, 166, 16, '2017-10-09 12:34:34', 0),
(15, 148, 108, '2017-10-09 12:42:53', 0),
(16, 90, 45, '2017-10-09 12:49:13', 0),
(17, 170, 16, '2017-10-09 13:40:26', 0),
(18, 171, 16, '2017-10-09 13:40:54', 0),
(19, 182, 3, '2017-10-09 14:04:24', 0),
(20, 181, 3, '2017-10-09 14:04:39', 0),
(21, 117, 75, '2017-10-10 16:37:31', 0),
(22, 189, 16, '2017-10-10 21:39:14', 0),
(23, 189, 16, '2017-10-10 21:46:43', 0),
(24, 198, 16, '2017-10-10 22:21:35', 1),
(25, 112, 68, '2017-10-15 16:25:30', 0),
(26, 199, 3, '2017-10-15 23:25:24', 1),
(27, 108, 65, '2017-10-15 23:26:35', 0),
(28, 202, 3, '2017-10-15 23:28:47', 0),
(29, 203, 123, '2017-10-15 23:57:50', 1),
(30, 204, 3, '2017-10-16 00:38:07', 1),
(31, 207, 110, '2018-03-15 22:23:36', 0),
(32, 222, 123, '2018-06-04 19:36:36', 0),
(33, 212, 3, '2018-08-03 13:48:13', 1);

-- --------------------------------------------------------

--
-- Estrutura da tabela `usuarios`
--

DROP TABLE IF EXISTS `usuarios`;
CREATE TABLE `usuarios` (
  `idUsuario` int(10) UNSIGNED NOT NULL,
  `nome` varchar(100) NOT NULL,
  `data_nascimento` varchar(10) DEFAULT NULL,
  `login` varchar(30) NOT NULL,
  `senha` varchar(32) NOT NULL,
  `tipo_pessoa` varchar(6) NOT NULL,
  `tipo_usuario` varchar(2) NOT NULL,
  `cnpj` varchar(19) DEFAULT NULL,
  `representante` varchar(60) DEFAULT NULL,
  `email` varchar(40) NOT NULL,
  `email_recuperacao` varchar(40) DEFAULT NULL,
  `telefone` varchar(16) DEFAULT NULL,
  `celular` varchar(16) DEFAULT NULL,
  `cpf_representante_jur` varchar(15) DEFAULT NULL,
  `nova_mensagem` tinyint(1) DEFAULT NULL,
  `ultima_mensagem` varchar(512) DEFAULT NULL,
  `pontuacao` int(11) DEFAULT '0',
  `ranking` int(11) DEFAULT NULL,
  `cranking` int(11) DEFAULT NULL,
  `data_hora` timestamp NOT NULL DEFAULT CURRENT_TIMESTAMP,
  `recupera_senha` varchar(32) DEFAULT NULL,
  `cadastro` int(1) NOT NULL DEFAULT '0'
) ENGINE=InnoDB DEFAULT CHARSET=utf8;

--
-- Extraindo dados da tabela `usuarios`
--

INSERT INTO `usuarios` (`idUsuario`, `nome`, `data_nascimento`, `login`, `senha`, `tipo_pessoa`, `tipo_usuario`, `cnpj`, `representante`, `email`, `email_recuperacao`, `telefone`, `celular`, `cpf_representante_jur`, `nova_mensagem`, `ultima_mensagem`, `pontuacao`, `ranking`, `cranking`, `data_hora`, `recupera_senha`, `cadastro`) VALUES
(1, 'Francisco Claudio AraÃºjo de Castro da Paz', '1998-10-23', 'Francisco Claudio ', 'b1e72e1052556eae53da26a587d4cd9a', 'F', 'co', NULL, NULL, 'francisco_slp@hotmail.com', 'francisco_slp@hotmail.com', '(91)3445-1369', '(91)99266-9871', NULL, NULL, NULL, 0, 1, 1, '2017-07-01 14:42:26', NULL, 1),
(3, 'Maria Vitoria Rodrigues Oliveira', '1998-04-04', 'vitoriarodrigues', '4a1654be375ad17ecc96fb042b62e52c', 'F', 'co', NULL, NULL, 'euvivirodrigues@gmail.com', 'e@gmail.com', '982221008', '', NULL, NULL, NULL, 100, 1, 1, '2017-08-24 20:31:11', NULL, 1),
(6, 'JosÃ© Ãtalo da Costa Silva', '1997-07-29', 'italojc', 'e10adc3949ba59abbe56e057f20f883e', 'F', 'co', NULL, NULL, 'italosilva8857@gmail.com', '', '999938504', '', NULL, NULL, NULL, 40, 2, 2, '2017-08-24 20:31:11', NULL, 1),
(7, 'Flavio Fernando Amaral Neves ', '1988-03-12', 'Flavio', 'adb5f6795ada4fc89387aa08d7e8e3dd', 'F', 'ca', NULL, NULL, 'flaamaral435@gmail.com', 'campobeloinspetoria@gmail.com', '(91)9915-6957', '(91)99355-7764', NULL, NULL, NULL, 0, 4, 1, '2017-07-06 13:40:31', NULL, 1),
(10, 'PRISCILA DOS SANTOS SILVA CERQUEIRA DA FONSECA', '03/11/1983', 'priscix', '885365d9c7462cd577f3931e3347ff17', 'F', 'co', NULL, NULL, 'priscix@gmail.com', 'priscilasilva03@yahoo.com.br', '(91)3227-7230', '(91)98816-4987', NULL, NULL, NULL, 0, 7, 5, '2017-08-15 21:19:45', NULL, 1),
(11, 'Maria do Carmo GonÃ§alves Ferreira ', '1963-09-16', 'Maria', 'bc96b86234ff85dceda8436ed3e7bb41', 'F', 'co', NULL, NULL, 'jmdocg@gmail.com', 'mgonalvesferreira@yahoo.com', '(91)9882-1144', '(91)98288-4253', NULL, NULL, NULL, 0, 8, 6, '2017-08-15 21:32:11', NULL, 1),
(13, 'Evelise Rodrigues', '1981-07-09', 'Evelise Rodrigues', 'd0e8191a9f8d6b4a4a1bfda947b54a05', 'F', 'co', NULL, NULL, 'evelise.o.r@gmail.com', '', '', '', NULL, NULL, NULL, 0, 10, 8, '2017-08-16 02:16:33', NULL, 1),
(14, 'Marcio Silva', '1978-02-26', 'Marcio', 'c43510a328c94ca2870358296e208ec7', 'F', 'co', NULL, NULL, 'marcio@eciclo.net.br', '', '', '', NULL, NULL, NULL, 0, 11, 9, '2017-08-16 09:58:25', NULL, 1),
(15, 'MOACIR DA SILVA ARAUJO JUNIOR', '1985-02-26', 'MOACIR', '595d23b7d7fbd7d6b23695acc045d2e9', 'F', 'co', NULL, NULL, 'moacir.araujo@gmail.com', '', '(91)3263-9331', '(91)98416-3212', NULL, NULL, NULL, 0, 12, 10, '2017-08-17 13:58:16', NULL, 1),
(16, 'Renan Barbosa Miranda', '1997-07-08', 'renanmiranda', '185aef3b1c810799a6be8314abf6512c', 'F', 'co', NULL, NULL, 'rhcpforever115@gmail.com', 'rhcpforever115@gmail.com', '', '91 98087-6610', NULL, NULL, NULL, 30, NULL, NULL, '2017-08-23 10:26:35', NULL, 1),
(17, 'kjdfkskjfdsk', '1995-08-19', 'luciano', '25d55ad283aa400af464c76d713c07ad', 'F', 'co', NULL, NULL, 'lucianotter@gmail.com', 'lucianotter@gmail.com', '91 3720-0184', '91 98129-5160', NULL, NULL, NULL, 0, NULL, NULL, '2017-08-23 10:49:35', NULL, 1),
(18, 'JosÃ© Ãtalo da Costa Silva', '1997-07-29', 'jitalo', '0d320a50a2b8d34ff8748c0d25af19a5', 'F', 'co', NULL, NULL, 'italosilva8857@gmail.com', 'italosilva8857@gmail.com', '91 8403-0494', '91 99993-8504', NULL, NULL, NULL, 0, NULL, NULL, '2017-08-23 17:00:57', NULL, 1),
(19, 'Zenilma Nunes Ferreira', '1990-09-20', 'Zenilma Nunes Ferreira', '773ec92783af52cb0b983c8db4af6085', 'F', 'co', NULL, NULL, 'zenilma_nunes@yahoo.com.br', 'zenilma_nunes@yahoo.com.br', '91 8026-6611', '9 18026-6611', NULL, NULL, NULL, 10, NULL, NULL, '2017-08-24 16:29:10', NULL, 1),
(41, 'igor vinicius pereira pinheiro', '1997-06-22', 'igor.ivpp', '6091d6c2abff692d2adbabbc6498119e', 'F', 'co', NULL, NULL, 'igor.ivpp@gmail.com', '', '(91)3711-7412', '', NULL, NULL, NULL, 0, 3, 3, '2017-08-24 20:31:11', NULL, 1),
(42, 'Aline Maria NabiÃ§a Nascimento', '1999-02-26', 'aline2602', 'e34bcce262c60ad3be7a49baad92bead', 'F', 'co', NULL, NULL, 'alineeufpa2016@gmail.com', '', '(91)8255-4998', '', NULL, NULL, NULL, 0, 4, 4, '2017-08-24 20:31:11', NULL, 1),
(44, 'Ariane Brenda Rocha Torres', '1997-11-10', 'Enayra_Aden', 'c948f26f99a00ca7e191c9f4cdaeac45', 'F', 'co', NULL, NULL, 'arianebrenda57@gmail.com', '', '', '', NULL, NULL, NULL, 0, 6, 6, '2017-08-24 20:31:11', NULL, 1),
(45, 'Denilton Almeida Rodrigues', '1992-10-13', 'denilton', '282f04617a1065ae4b116f363e4fd31f', 'F', 'co', NULL, NULL, 'ardenilton2017@gmail.com', 'ardenilton@yahoo.com', '(91)9887-7031', '(91)98237-7823', NULL, NULL, NULL, 10, 7, 7, '2017-08-24 20:31:11', NULL, 1),
(47, 'Junior Soares', '1995-02-25', 'jrsoares', '9ae6b853c7e6f9068a773ad4c7343f6a', 'F', 'co', NULL, NULL, 'jrsoares131@gmail.com', 'juniorson68@gmail.com', '', '(91)8456-1229', NULL, NULL, NULL, 0, 9, 9, '2017-08-24 20:31:11', NULL, 1),
(48, 'karla maria cordeiro de oliveira', '1994-02-13', 'ka.mary', 'ff101033808f3d2160098c08d80a645b', 'F', 'co', NULL, NULL, 'karlam.19@hotmail.com', 'karlamary78@gmail.com', '(91)8848-0067', '(91)88480-067', NULL, NULL, NULL, 0, 10, 10, '2017-08-24 20:31:11', NULL, 1),
(49, 'Hygor Jardim da Silva', '1995-07-01', 'hygorjardim', '91b6af072b3b6ca374b7416ef8b01172', 'F', 'ca', NULL, NULL, 'hygorjardim@gmail.com', '', '(91)8206-5586', '', NULL, NULL, NULL, 0, 11, 1, '2017-08-24 20:31:11', NULL, 1),
(50, 'bruna brito nunes', '1995-05-08', 'bruna', '1f260fa281fb68be2a991eb6edc345fb', 'F', 'co', NULL, NULL, 'brunabnuness@gmail.com', '', '', '(91)98312-2788', NULL, NULL, NULL, 0, 12, 11, '2017-08-24 20:31:11', NULL, 1),
(51, 'Lucas Gabriel Miranda', '1997-02-26', 'Lucasgabriel_y', 'e7d80ffeefa212b7c5c55700e4f7193e', 'F', 'co', NULL, NULL, 'Gabriel.lglg93@gmail.com', '', '', '(91)98124-6117', NULL, NULL, NULL, 0, 13, 12, '2017-08-24 20:31:11', NULL, 1),
(52, 'Sarah Gabrielle da Silva Oliveira', '1997-09-17', 'saraholiveira__', 'ec26202651ed221cf8f993668c459d46', 'F', 'co', NULL, NULL, 'sarah.gabrielle8530@gmail.com', '', '(91)3721-2598', '(91)85079-197', NULL, NULL, NULL, 0, 14, 13, '2017-08-24 20:31:11', NULL, 1),
(53, 'Igor Wenner Silva Falcao', '1995-05-09', 'igorfalcao', 'f3026b538efaf0fe7d3586d27bf6e1c0', 'F', 'ca', NULL, NULL, 'igor.ivpp@gmail.com', '', '(91)3311-2305', '', NULL, NULL, NULL, 0, 15, 2, '2017-08-24 20:31:11', NULL, 1),
(54, 'Paulo Cezar Oliveira Braz', '1996-11-21', 'paulcezar21', '46d7e1fd6da4b2c7fa9a5d308007f249', 'F', 'co', NULL, NULL, 'pcbraz21@hotmail.com', 'paulocezaroliveira21.pc@gmail.com', '(91)8278-7919', '', NULL, NULL, NULL, 0, 16, 14, '2017-08-24 20:31:11', NULL, 1),
(55, 'Adirley Gaia VulcÃ£o', '2017-06-12', 'adivulcao', 'bc6968fb25cf876346b703148a5bdc0d', 'F', 'co', NULL, NULL, 'adirleygaiavulcao@gmail.com', '', '', '(91)98430-6616', NULL, NULL, NULL, 0, 17, 15, '2017-08-24 20:31:11', NULL, 1),
(56, 'Madson Alan Vitorino Sousa', '1999-01-04', 'Madson Alan', '25d55ad283aa400af464c76d713c07ad', 'F', 'co', NULL, NULL, 'madson99hitech@gmail.com', 'madson14@hotmail.com.br', '', '(91)98355-4581', NULL, NULL, NULL, 0, 18, 16, '2017-08-24 20:31:11', NULL, 1),
(57, 'Viviane de Jesus Lameira Leite', '1997-01-07', 'vivianeleite', '511cd1638c60e2c12f19be2f9926e7de', 'F', 'co', NULL, NULL, 'viviane_lameira@hotmail.com', 'lameiraleite@gmail.com', '', '(91)98191-1290', NULL, NULL, NULL, 0, 19, 17, '2017-08-24 20:31:11', NULL, 1),
(58, 'Isis Abel Bezerra', '1974-06-07', 'Isis Abel', '0e96477a654d8144ba8dcfc3783351d1', 'F', 'co', NULL, NULL, 'isisabel@ufpa.br', 'abelbezerra@yahoo.com', '', '', NULL, NULL, NULL, 0, 20, 18, '2017-08-24 20:31:11', NULL, 1),
(59, 'Raonner Bruno Rodrigues dos Santos', '1996-11-06', 'raonner', 'bc46a1bea4682f43aa5e27c5f2cbc3ac', 'F', 'co', NULL, NULL, 'brunoraonner@gmail.com', '', '', '', NULL, NULL, NULL, 0, 21, 19, '2017-08-24 20:31:11', NULL, 1),
(60, 'Geisiane de Souza Matos', '1991-01-25', 'geisimattos', '202cb962ac59075b964b07152d234b70', 'F', 'co', NULL, NULL, 'geisi@gmail.com', '', '(91)8888-8888', '', NULL, NULL, NULL, 0, 22, 20, '2017-08-24 20:31:11', NULL, 1),
(61, 'brendo william santos da silva', '1996-11-05', 'WILLSAN6', 'ed62fd1477edfa5269c14e426c23346a', 'F', 'co', NULL, NULL, 'WILLIAMSANTTOS2.0@GMAIL.COM', 'WILLIAMSANTTOS2.0@HOTMAIL.COM', '(91)8987-0391', '', NULL, NULL, NULL, 0, 23, 21, '2017-08-24 20:31:11', NULL, 1),
(62, 'Ronilson Williame da Silva Pereira', '1996-04-30', 'ronilson', '16ca1ef0a20100e846cfc086048c02f7', 'F', 'co', NULL, NULL, 'ronilsonengenharia@gmail.com', '', '(91)9898-7082', '', NULL, NULL, NULL, 0, 24, 22, '2017-08-24 20:31:11', NULL, 1),
(63, 'Antonio Ruan Barbosa do Nascimento', '1997-09-14', 'Antonio Ruan', '564f4bcd11273b8ea6b49fbe2dc2ad1c', 'F', 'co', NULL, NULL, 'antonioruan.barbosa@gmail.com', 'antonioruan.barbosa@yahoo.com.br', '', '(91)98937-8010', NULL, NULL, NULL, 0, 25, 23, '2017-08-24 20:31:11', NULL, 1),
(64, 'KENEDY EDSON SILVA DE SOUZA', '1996-02-06', 'HACKERMAN', '25d55ad283aa400af464c76d713c07ad', 'F', 'ar', NULL, NULL, 'waves.informatica@gmail.com', 'waves.informatica@gmail.com', '', '(91)98463-0598', NULL, NULL, NULL, 0, 26, 1, '2017-08-24 20:31:11', NULL, 1),
(65, 'RogÃ©rio Neves Ferreira ', '1996-08-15', 'RogÃ©rio Neves', 'dd84def751fcc0553dcb958dff81d166', 'F', 'co', NULL, NULL, 'rogerioneves@gmail.com', '', '', '', NULL, NULL, NULL, 10, 27, 24, '2017-08-24 20:31:11', NULL, 1),
(66, 'IVONE CLEA ALVES DA SILVA', '2017-01-19', 'ivonealves', '6909b8645b20a5c768b33a879c66edbe', 'F', 'co', NULL, NULL, 'ivone.silva24@gmail.com', '', '', '', NULL, NULL, NULL, 10, 28, 25, '2017-08-24 20:31:11', '', 1),
(67, 'Rafael CÃ¢mara Sousa', '1996-08-20', 'rafaelsousa', '9135d8523ad3da99d8a4eb83afac13d1', 'F', 'co', NULL, NULL, 'ffael.sousa@gmail.com', 'ffael.sousa1@gmail.com', '(91)3774-1156', '(91)98403-7798', NULL, NULL, NULL, 0, 29, 26, '2017-08-24 20:31:11', NULL, 1),
(68, 'Antonio Neverton da Costa Sousa', '1994-06-09', 'Neverton', '8ed0018a6646f5bd662d5ca3dfefb46e', 'F', 'co', NULL, NULL, 'nevertonsousa2@gmail.com', 'nevertonsousa@hotmail.com', '(91)3462-3329', '(91)8333-5718', NULL, NULL, NULL, 20, 30, 27, '2017-08-24 20:31:11', NULL, 1),
(69, 'erick fernandes dos santos', '1997-09-13', 'heitor', 'fca0789e7891cbc0583298a238316122', 'F', 'ca', NULL, NULL, 'erickfdsshast@gmail.com', '', '(91)3744-2654', '(91)98337-2025', NULL, NULL, NULL, 0, 31, 3, '2017-08-24 20:31:11', NULL, 1),
(70, 'erick fernandes dos santos', '1997-09-13', 'heitor', '827ccb0eea8a706c4c34a16891f84e7b', 'F', 'ca', NULL, NULL, 'erickfdsshast@gmail.com', '', '(91)3744-2654', '(91)98337-2025', NULL, NULL, NULL, 0, 32, 4, '2017-08-24 20:31:11', NULL, 1),
(71, 'Moacir JosÃ© Moraes Pereira', '1978-07-06', 'moacirpereira', '0f5aaaf14d9a2d371853e46119abba27', 'F', 'co', NULL, NULL, 'moacir@ufpa.br', 'moaruak@bol.com.br', '(91)3231-8207', '(91)99634-7681', NULL, NULL, NULL, 0, 33, 28, '2017-08-24 20:31:11', NULL, 1),
(72, 'LARA MARIA DE OLIVEIRA DAMASCENO', '1998-01-05', 'LARA MARIA', '03a49b6e817b314610c12360acebe1ba', 'F', 'co', NULL, NULL, 'larha001@hotmail.com', 'larha001@hotmail.com', '(91)871-5549', '(91)98715-5497', NULL, NULL, NULL, 0, 34, 29, '2017-08-24 20:31:11', NULL, 1),
(73, 'ClÃ¡udio Elzio PaixÃ£o de Oliveira Junior', '1996-07-16', 'Claudio', 'bc9172f93b27fe68be4df14741dc56cb', 'F', 'co', NULL, NULL, 'claudiojuniorp18@gmail.com', '', '', '(91)8514-8567', NULL, NULL, NULL, 0, 35, 30, '2017-08-24 20:31:11', NULL, 1),
(74, 'RomÃ¡rio da Costa Silva', '1994-07-12', 'romario', 'e17070d96dd63a60d7e769d137830926', 'F', 'co', NULL, NULL, 'rom.silva60@gmail.com', '', '', '(91)98498-9606', NULL, NULL, NULL, 0, 36, 31, '2017-08-24 20:31:11', NULL, 1),
(75, 'Maiara Meireles Reis', '1995-03-25', 'maireis', 'e71e5cd119bbc5797164fb0cd7fd94a4', 'F', 'co', NULL, NULL, 'maiara95meireles@gmail.com', '', '', '(91)98884-8071', NULL, NULL, NULL, 40, 37, 32, '2017-08-24 20:31:11', NULL, 1),
(76, 'Maria leane do esporito santo lima', '1989-11-15', 'maria leane', '0badc8b1cf9f0bf0caf4c1add1e2c96c', 'F', 'co', NULL, NULL, 'leane18santo@gmail.com', 'leane18santos@gmail.com', '(91)9240-0414', '(91)92400-14', NULL, NULL, NULL, 0, 38, 33, '2017-08-24 20:31:11', NULL, 1),
(77, 'michele damasceno rocha ', '1995-09-21', 'michelerocha ', '0e2e88aef203edde6cadb7e40e3b92e7', 'F', 'co', NULL, NULL, 'micheledamasceno00@gmail.com', '', '', '(91)98714-0354', NULL, NULL, NULL, 0, 39, 34, '2017-08-24 20:31:11', NULL, 1),
(78, 'marivaldo araujo correa', '1986-01-08', 'marivaldo', '52e90ac16ac99bf63c8c331eda9e0448', 'F', 'co', NULL, NULL, 'mararacorrea@gmail.com', 'mararacorrea@gmail.com', '', '(91)99313-1103', NULL, NULL, NULL, 0, 40, 35, '2017-08-24 20:31:11', NULL, 1),
(79, 'Ana Gabriela da Cruz GonÃ§alves ', '1995-06-09', 'Gaby', 'd432eb18017c004fd305969713a17aa8', 'F', 'co', NULL, NULL, 'Anagabriela.1995@yahoo.com.br', 'Anagabriela.1995@yahoo.com.br', '(91)8712-5937', '', NULL, NULL, NULL, 0, 41, 36, '2017-08-24 20:31:11', NULL, 1),
(81, 'sÃ¢mia Laiane dos Reis Amorim', '1992-09-08', 'SÃ¢mia Laiane', '25d55ad283aa400af464c76d713c07ad', 'F', 'co', NULL, NULL, 'Samialaiane@gmail.com', '', '', '(91)99140-0042', NULL, NULL, NULL, 0, 43, 38, '2017-08-24 20:31:11', NULL, 1),
(82, 'renata rayeth cabral das neves', '1999-02-16', 'rrayeth', 'b757ddf944681884609ae7d775c71a48', 'F', 'co', NULL, NULL, 'rrayeth@hotmail.com', 'renatarayeth15@gmail.com', '', '(91)98395-7444', NULL, NULL, NULL, 0, 44, 39, '2017-08-24 20:31:11', NULL, 1),
(87, 'Giselly Felix Rodrigues', '1994-11-01', 'giselly', 'a71a560c875875f4b84c6e4044514430', 'F', 'co', NULL, NULL, 'giselly.felix@hotmail.com', '', '(91)8912-3648', '', NULL, NULL, NULL, 0, 49, 44, '2017-08-24 20:31:11', NULL, 1),
(88, 'Bruno Henrique Gaignoux Gomes', '1995-07-13', 'teste', '25d55ad283aa400af464c76d713c07ad', 'F', 'co', NULL, NULL, 'teste@teste.com', '', '', '', NULL, NULL, NULL, 0, 50, 45, '2017-08-24 20:31:11', NULL, 1),
(89, 'IURI FERREIRA', '1995-08-29', 'iuri', '3615137915b873096d853db13fd1d79a', 'F', 'co', NULL, NULL, 'iuri.ufpa@gmail.com', '', '', '', NULL, NULL, NULL, 0, 51, 46, '2017-08-24 20:31:11', NULL, 1),
(90, 'elizeu oeiras dias', '1997-12-26', 'elizeu', 'eea23096747e4e9b00ed035ee7929db9', 'F', 'co', NULL, NULL, 'elizeuoeiras@gmail.com', '', '', '(91)98457-9988', NULL, NULL, NULL, 0, 52, 47, '2017-08-24 20:31:11', NULL, 1),
(91, 'Maria Eloildes Gomes Cunha ', '1994-05-23', 'Elo Cunha', '61401e11af763cd18bb06ad3d35675c2', 'F', 'co', NULL, NULL, 'eloildescunha@gmail.com', '', '', '(91)98356-4741', NULL, NULL, NULL, 0, 53, 48, '2017-08-24 20:31:11', NULL, 1),
(92, 'Maria Gesikelle', '1994-10-20', 'Kelle-Maria', '20becf6bb0d32404d00a74eb18dcf67f', 'F', 'co', NULL, NULL, 'gessikellyf@gmail.com', '', '', '(91)98815-7734', NULL, NULL, NULL, 0, 54, 49, '2017-08-24 20:31:11', NULL, 1),
(93, 'Francineide Bentes da Penha', '1991-07-25', 'Francine Bentes', 'b070ae9b4c968fe88c47d64eade8f5ee', 'F', 'ar', NULL, NULL, 'franci.penha@hotmail.com', 'curriculofran1@gmail.com', '', '(91)99255-4085', NULL, NULL, NULL, 0, 55, 2, '2017-08-24 20:31:11', NULL, 1),
(94, 'Adrianne Alves Souto', '1996-12-06', 'alvesadrianne', 'c8d1693d0f349f223c324b3eca55d8b3', 'F', 'co', NULL, NULL, 'alvesadrianne@hotmail.com', 'alvesadrianne@hotmail.com', '', '(91)99804-5932', NULL, NULL, NULL, 0, 56, 50, '2017-08-24 20:31:11', NULL, 1),
(95, 'Lanna Fonseca de AraÃºjo', '1994-05-12', 'Lanna Fonseca', '7db619cad0cc24b2c8f5307c267ebd84', 'F', 'co', NULL, NULL, 'lanna-music@hotmail.com', 'lannafonseca12@gmail.com', '', '', NULL, NULL, NULL, 0, 57, 51, '2017-08-24 20:31:11', NULL, 1),
(96, 'Thais Adriany Lameira Sousa ', '1993-11-21', 'Thais Adriany', 'fc480c700d4f4484eb4bc40a414d92de', 'F', 'co', NULL, NULL, 'thais.letraslp2014@gmail.com', '', '', '', NULL, NULL, NULL, 0, 58, 52, '2017-08-24 20:31:11', NULL, 1),
(97, 'Ana Francinely Ferreira de Oliveira', '1994-02-18', 'Ana Ferreira', '99c17b03067c58d7331e7d516a020b8b', 'F', 'co', NULL, NULL, 'ana.ferreiraufpa@gmail.com', 'ana.ferreiraufpa@gmail.com', '', '(91)98946-1418', NULL, NULL, NULL, 0, 59, 53, '2017-08-24 20:31:11', NULL, 1),
(98, 'BENEDITO NASCIMENTO SILVA', '1993-09-26', 'BENEDITTO', '5441a3dbd6768fe67b21a2d45f95dd83', 'F', 'co', NULL, NULL, 'benedittosiva.irr@gmail.com', '', '', '', NULL, NULL, NULL, 0, 60, 54, '2017-08-24 20:31:11', NULL, 1),
(99, 'Heitor Monteiro da Silva Sobral', '1989-03-13', 'Thiberius', '6e71316de16e03a0453b6abf0f088361', 'F', '', NULL, NULL, 'heitorssx2@gmail.com', '', '', '(91)99193-9138', NULL, NULL, NULL, 0, 61, 54, '2017-08-24 20:31:11', NULL, 1),
(102, 'suzane moraes viegas', '1996-05-09', 'suzane viegas', '8b673313118bc645787d4285c3f773c0', 'F', 'co', NULL, NULL, '18102012ls@gmail.com', '18102012ls@gamil.com', '(91)3744-2220', '(91)98227-2025', NULL, NULL, NULL, 0, 62, 55, '2017-08-24 20:31:11', NULL, 1),
(103, 'PRICILA BRITO DA PAIXÃƒO', '1992-02-21', 'PRICILA', '202cb962ac59075b964b07152d234b70', 'F', 'co', NULL, NULL, 'pricilapaixao2013@gmail.com', 'pricilapaixao2013@gmail.com', '', '', NULL, NULL, NULL, 0, 63, 56, '2017-08-24 20:31:11', NULL, 1),
(104, 'THAMIRYS LETICIA DA SILVA FIGUEIRA', '1994-04-28', 'LETICIA FIGUEIRA', '939146e2687b821b07010e8fdde0e776', 'F', 'co', NULL, NULL, 'LETIICIASFIGUEIRA@GMAIL.COM', 'LETICIAFIGUEIRA13@HOTMAIL.COM', '(91)9826-6680', '(91)98182-3264', NULL, NULL, NULL, 0, 64, 57, '2017-08-24 20:31:11', NULL, 1),
(105, 'Aline de N. Oliveira Sena', '1997-10-11', 'Aline Sena', '4afcc23cd66b1c379ac62a7b68cf4a7d', 'F', 'co', NULL, NULL, 'alinesenaa09@gmail.com', 'alynesena@zipmail.com.br', '(91)9835-7866', '', NULL, NULL, NULL, 0, 65, 58, '2017-08-24 20:31:11', NULL, 1),
(106, 'Bruno Alexander Jaques Moreira', '1996-12-18', 'brunoalex', '3bea0ab14cefdcf9c93b965fc3168c2c', 'F', 'co', NULL, NULL, 'brunojaquesm@gmail.com', 'brunojaquesm@hotmail.com', '', '(91)98543-2583', NULL, NULL, NULL, 0, 66, 59, '2017-08-24 20:31:11', NULL, 1),
(107, 'Gaspar Pimentel', '1991-07-25', 'gasparpimentel', '84a4bd77a8c2d94bdc3e7d8650a87e9e', 'F', 'co', NULL, NULL, 'gasparpimentel@hotmail.com', '', '', '(91)98383-8877', NULL, NULL, NULL, 0, 67, 60, '2017-08-24 20:31:11', NULL, 1),
(108, 'Brenda Elane Souza Vara', '1997-12-21', 'Brenda Vara', '6258c0cb495a228e3e38cc73d5f984d3', 'F', 'co', NULL, NULL, 'brenda_vara@hotmail.com', '', '', '(91)98331-2342', NULL, NULL, NULL, 90, 68, 61, '2017-08-24 20:31:11', NULL, 1),
(109, 'Giovani Lisboa', '1994-12-16', 'Giovani Lisboa', 'b5ab3daa36dbdf972c2c42b4f5c6bd72', 'F', 'co', NULL, NULL, 'giovanilisboa94@gmail.com', 'giovanilisboa94@gmail.com', '', '91 98303-1101', NULL, NULL, NULL, 0, NULL, NULL, '2017-09-01 19:02:40', NULL, 1),
(110, 'NEY FABRÃCIO DOS SANTOS SILVA', '20111975', 'NEY', '17da38c847acf2c4eba678b9bffe1984', 'F', 'co', NULL, NULL, 'ECOPONTOLI@GMAIL.COM', 'ECOPONTOLI@GMAIL.COM', '91 3721-6938', '91 98877-2279', NULL, NULL, NULL, 40, NULL, NULL, '2017-09-08 12:07:37', NULL, 1),
(111, 'Aryane Parra', '1994-11-11', 'HeySerenity', '5cd3fa9dc4dfb63821ea12038e1d5881', 'F', 'co', NULL, NULL, 'aryaneparra@gmail.com', 'aryaneparra@gmail', '', '91 98923-4115', NULL, NULL, NULL, 0, NULL, NULL, '2017-09-13 12:21:56', NULL, 1),
(112, 'Renan Miranda', '1997-07-08', 'renanmiranda20', '185aef3b1c810799a6be8314abf6512c', 'F', 'co', NULL, NULL, 'contato.renanmiranda@gmail.com', 'contato.renanmiranda@gmail.com', '', '91 98087-6610', NULL, NULL, NULL, 0, NULL, NULL, '2017-09-13 14:14:32', NULL, 1),
(113, 'Loja dos PlÃ¡sticos', NULL, 'lineagemiranda', '202cb962ac59075b964b07152d234b70', 'J', 'in', '11.111.111/1111-11', 'Renan Barbosa Miranda', 'lineagemiranda@outlook.com', 'lineagemiranda@outlook.com', '9 8087-6610', '98087-6610', '111.111.111-11', NULL, NULL, 0, NULL, NULL, '2017-09-13 14:27:24', NULL, 1),
(114, 'luciano arruda teran', '1995-09-18', 'lucteran', 'ad682f02e8f8fd09b7d99548840b1f08', 'F', 'co', NULL, NULL, '2011luciano2011@gmail.com', '2011luciano2011@gmail.com', '', '98120-5160', NULL, NULL, NULL, 0, NULL, NULL, '2017-09-14 16:16:55', '', 1),
(115, 'Demobi', NULL, 'demobi', 'e10adc3949ba59abbe56e057f20f883e', 'J', 'em', '25.285.447/0001-85', 'luciano arruda teran', 'sistemasdemobi@gmail.com', 'sistemasdemobi@gmail.com', '3721-2003', '', '017.415.652-94', NULL, NULL, 0, NULL, NULL, '2017-09-14 16:25:42', NULL, 1),
(116, 'KARINA DA SILVA COSTA', '1993-09-26', 'KAH COSTA', '3b7a7ba00d850bcccb57075fd9cf0ca9', 'F', 'co', NULL, NULL, 'costa.k@yahoo.com', 'costa.k@yahoo.com', '', '98820-6059', NULL, NULL, NULL, 0, NULL, NULL, '2017-09-20 18:45:28', NULL, 1),
(117, 'Matheus Ramos', '19081994', 'MatheusRamos', '87cafaf083a1ed31ab63236df79c537a', 'F', 'co', NULL, NULL, 'matheusgustavo19081994@gmail.com', 'matheusgustavo19081994@gmail.com', '3311-2068', '09 19803-9185', NULL, NULL, NULL, 0, NULL, NULL, '2017-09-22 13:57:41', NULL, 1),
(118, 'LARYSSA MARYNNARA LAMEIRA', '2017-09-20', 'laryssalameira', '980112846dbaad7f3fd218de7a1c96fb', 'F', 'co', NULL, NULL, 'laryssalameira@gmail.com', 'laryssalameira@gmail.com', '', '91 98746-4063', NULL, NULL, NULL, 0, NULL, NULL, '2017-09-25 16:03:13', NULL, 1),
(119, 'Jose', '1987-05-03', 'Jose', '476647d6227fb3d5cd6a05ed3e399527', 'F', 'co', NULL, NULL, 'jose@hotmail.com', 'jose@hotmail.com', '', '91 98742-6754', NULL, NULL, NULL, 0, NULL, NULL, '2017-10-09 20:16:52', NULL, 1),
(120, 'Sandro Marcelo da Silva Oliveira Filho', '04022000', 'SandroKakaroto', 'b47a92948ddac36bbfc917e4f6f25793', 'F', 'co', NULL, NULL, 'sandrokakaroto@gmail.com', 'sandrokakaroto@gmail.com', '', '91 98222-1008', NULL, NULL, NULL, 10, NULL, NULL, '2017-10-11 17:34:13', NULL, 1),
(123, 'Destino SustentÃ¡vel', '2015-04-04', 'DestinoSustentavel', '9f2bfa919a123767635f251ba4aca297', 'F', 'co', NULL, NULL, 'destinosustentavelprojeto@gmail.com', 'destinosustentavelprojeto@gmail.com', '91 9515-2112', '91 98407-8877', NULL, NULL, NULL, 0, NULL, NULL, '2017-10-15 23:14:03', NULL, 1),
(124, 'Deuzilene ConceiÃ§Ã£o da silva', '1998-09-02', 'deuzilene', 'd4917cd4cedae16417cfddb3ce292e45', 'F', 'ca', NULL, NULL, 'lenedeuza@gmail.com', 'lenedeuza@gmail.com', '', '10 98481-0103', NULL, NULL, NULL, 0, NULL, NULL, '2017-10-16 17:08:26', NULL, 1),
(125, 'Glaydson Monteiro ', '1998-02-03', 'Glaydson', '97b7544f8c13f40694dcba8b9a4bbb67', 'F', 'ca', NULL, NULL, 'Glaydson.monteiro1819@gmail.com', 'Glaydson.monteiro1819@gmail.com', '20 9802-0572', '02 99802-0572', NULL, NULL, NULL, 0, NULL, NULL, '2017-10-16 17:11:41', '9d4c691daeba84518bc7561a276af318', 1),
(126, 'Paula Andrea negra universo', '1975-01-29', 'FÃ© no que virÃ¡', '0085b7fbb3d7679468ef2f48ffc8b639', 'F', 'ca', NULL, NULL, 'coocaperrp@gmail.com', 'coocaperrp@gmail.com', '', '91 98015-5542', NULL, NULL, NULL, 0, NULL, NULL, '2017-10-16 17:12:55', NULL, 1),
(127, 'ARAL ASSOCIAÃ‡ÃƒO', NULL, 'AralAssociacao', 'fbcb350e1794c198035d16dab4e3d1c3', 'J', 'as', '07.788.622/0001-75', 'Sarah', 'aral.rrp@gmail.com', 'aral.rrp@gmail.com', '91 8084-5193', '91 98084-5193', '787.964.312-53', NULL, NULL, 10, NULL, NULL, '2017-10-16 17:32:06', NULL, 1),
(128, 'Giselle Souza de Andrade', '1995-11-01', 'GiselleAndrade', '8b958110b212059efccb82d6b97f7cfb', 'F', 'co', NULL, NULL, 'sdagiselle@gmail.com', 'sdagiselle@gmail.com', '', '91 98911-8323', NULL, NULL, NULL, 10, NULL, NULL, '2017-10-24 14:04:47', NULL, 1),
(129, 'Fornaria JoÃ£o Vitor Ltda ME', NULL, 'fornaria', '0ae8e145b51cc77140596bb6e8224ca1', 'J', 'em', '24.344.263/0001-86', 'Massimo Boni', 'massimobonimm@gmail.com', 'massimobonimm@gmail.com', '91 8034-0286', '91 98706-8587', '539.908.032-01', NULL, NULL, 20, NULL, NULL, '2017-11-19 17:26:15', NULL, 1),
(130, 'dfdf', '1222-12-12', 'dd', 'd4d3ba9a0e888fb9c570a09e598d56a8', 'F', 'ar', NULL, NULL, '4@gmail.com', '4@gmail.com', '4 4444-4444', '44 44444-4444', NULL, NULL, NULL, 0, NULL, NULL, '2017-12-01 23:49:31', NULL, 1),
(131, 'Ana Claudia Godeiro de BaraÃºna', '1997-12-02', 'BaraÃºna', '1ed8c4858db3b4f4735103017707a98c', 'F', 'co', NULL, NULL, 'godeiroanaclaudia@gmail.com', 'godeiroanaclaudia@gmail.com', '', '98761-8873', NULL, NULL, NULL, 0, NULL, NULL, '2017-12-02 16:57:39', NULL, 1),
(132, 'Leonardo Marques ', '1998-01-14', 'leozok_23', '3dece3822106dddbd5669a3bf9733d3d', 'F', 'co', NULL, NULL, 'leonardo3d27@gmail.com', 'leonardo3d27@gmail.com', '', '91 99346-0630', NULL, NULL, NULL, 0, NULL, NULL, '2017-12-07 23:11:18', '53698dd6840e2cba942223d26edf9e6b', 1),
(133, 'Danielle Santos', '1987-12-07', 'Danielle', 'fcea920f7412b5da7be0cf42b8c93759', 'F', 'co', NULL, NULL, 'profadilzamaria@htmail.com', 'profadilzamaria@htmail.com', '3721-6180', '91 99815-3153', NULL, NULL, NULL, 0, NULL, NULL, '2017-12-07 23:27:24', NULL, 1),
(134, 'Bill Ewilon', '1999-11-19', 'Bill Ewilon', '3c8bdc74d2b61c08fa4d56a2579a4388', 'F', 'co', NULL, NULL, 'billewilon35@gmail.com', 'billewilon35@gmail.com', '', '91 98028-9115', NULL, NULL, NULL, 0, NULL, NULL, '2017-12-07 23:28:52', NULL, 1),
(135, 'Daniela Garcia Costa', '1987-09-03', 'Dani Garcia', '7d5e3a998657b1315af0a04d383363ca', 'F', 'co', NULL, NULL, 'dani123@gmial.com', 'dani123@gmial.com', '', '91 98807-0478', NULL, NULL, NULL, 0, NULL, NULL, '2017-12-07 23:43:10', NULL, 1),
(136, 'Daniela GalvÃ£o', '1993-09-11', 'Daniela', 'f9cbf58263465e89e1bd05f24aeac613', 'F', 'co', NULL, NULL, 'daniella_souza@hotmail.com', 'daniella_souza@hotmail.com', '', '98340-8175', NULL, NULL, NULL, 0, NULL, NULL, '2017-12-07 23:57:14', NULL, 1),
(137, 'Rafael Rodrigues da silva', '1998-04-12', 'Rafael Rodrigues da Silva', '6eea8a1c42c0c383098f2e7b6f8e4b12', 'F', 'co', NULL, NULL, 'rafaelrodripaz@gmail.com', 'rafaelrodripaz@gmail.com', '', '91 98181-8085', NULL, NULL, NULL, 10, NULL, NULL, '2017-12-11 03:28:12', NULL, 1),
(138, 'renison', '1998-03-28', 'renison castle', 'a9b559734f796ac0f45e295084cb792c', 'F', 'co', NULL, NULL, 'renisoncastelo@gmail.com', 'renisoncastelo@gmail.com', '', '91 98303-2511', NULL, NULL, NULL, 0, NULL, NULL, '2017-12-12 22:58:38', NULL, 1),
(139, 'alex', '1999-05-18', 'Alex Silva', 'a9b559734f796ac0f45e295084cb792c', 'F', 'co', NULL, NULL, 'renisondejesus@gmail.com', 'renisondejesus@gmail.com', '', '91 98475-1936', NULL, NULL, NULL, 0, NULL, NULL, '2017-12-14 23:10:18', NULL, 1),
(140, 'ProfÂª Telma Lemos', '1961-04-25', 'profÂª Telma Lemos', '42e99cab86f97eb943be8dd1b7c899cc', 'F', 'co', NULL, NULL, 'tel2504@hotmail.com', 'tel2504@hotmail.com', '', '91 98288-1222', NULL, NULL, NULL, 0, NULL, NULL, '2017-12-16 16:36:50', NULL, 1),
(141, 'Rosa Maria Alexandre da Silva', '1955-05-15', 'rosaecosol', '33901d8c8cd14acb8304ff1d593da469', 'F', 'ar', NULL, NULL, 'rosamarialexadre@gmail.com', 'rosamarialexadre@gmail.com', '', '91 98216-4949', NULL, NULL, NULL, 0, NULL, NULL, '2017-12-19 20:33:29', NULL, 1),
(142, 'Alexandre Machado Monteiro', '1999-10-17', 'Alexandre Monteiro ', '02d4e29f333492808993479cf2f22c09', 'F', 'co', NULL, NULL, 'alexandremachadomonteiro@gmail.com', 'alexandremachadomonteiro@gmail.com', '', '91 98867-7446', NULL, NULL, NULL, 0, NULL, NULL, '2017-12-19 22:51:29', NULL, 1),
(143, 'fabricio', '1995-09-30', 'gleidson fabricio', '25f9e794323b453885f5181f1b624d0b', 'F', 'co', NULL, NULL, 'fabricio@gmail.com', 'fabricio@gmail.com', '00 0000-0000', '00 00000-0000', NULL, NULL, NULL, 0, NULL, NULL, '2017-12-19 23:03:04', NULL, 1),
(144, '', '', 'werick', '84c205c941d3524d5dc6fcd5c326dc25', 'F', '', NULL, NULL, 'werick10@gmail.com', 'werick10@gmail.com', '', '091984103026', NULL, NULL, NULL, 0, NULL, NULL, '2017-12-20 23:24:31', NULL, 1),
(145, 'Renara monteiro', '1999-03-02', 'renaramonteiro', '28fffd7aad33598c4d68db7f45f86e60', 'F', 'ar', NULL, NULL, 'naramonteiro95@gmail.com', 'naramonteiro95@gmail.com', '', '91 98044-3144', NULL, NULL, NULL, 0, NULL, NULL, '2017-12-20 23:26:21', NULL, 1),
(146, 'Alenilson', '2000-03-24', 'Alenilsonreis16', 'dd1e365159fe38a7260f041deadc8acb', 'F', 'co', NULL, NULL, 'alenilsonreis16@gmail.com', 'alenilsonreis16@gmail.com', '', '00 00000-0000', NULL, NULL, NULL, 0, NULL, NULL, '2017-12-20 23:29:13', NULL, 1),
(147, 'Diovana Alves', '2000-04-23', 'Diovana Alves', 'f24883d8d557fb730a18dee24dabe053', 'F', 'co', NULL, NULL, 'Diovanaalves023@gmail.com', 'Diovanaalves023@gmail.com', '', '99965-8310', NULL, NULL, NULL, 0, NULL, NULL, '2017-12-21 19:23:17', NULL, 1),
(148, 'Rosinalva Barbosa da Silva', '1976-05-15', 'Rosinalva Barbosa da Silva', '9eae8b40a8367bbea2645ab3f021756b', 'F', 'co', NULL, NULL, 'rosybs@hotmail.com', 'rosybs@hotmail.com', '91 3721-3565', '9 13721-3565', NULL, NULL, NULL, 0, NULL, NULL, '2017-12-24 00:27:00', NULL, 1),
(149, 'Lucas Gabriel', '1997-02-26', 'lucasgabriel', 'aa1bf4646de67fd9086cf6c79007026c', 'F', 'co', NULL, NULL, 'gabriel8124@gmail.com', 'gabriel8124@gmail.com', '', '91 98124-6117', NULL, NULL, NULL, 0, NULL, NULL, '2017-12-27 16:05:48', NULL, 1),
(150, 'Elizabeth CangussÃº', '1962-06-13', 'ELIZABETH CANGUSSU', '46cd81638bd5ffa1833070e44086eeb6', 'F', 'co', NULL, NULL, 'bethcangussu@hotmail.com', 'bethcangussu@hotmail.com', '', '91 98895-2449', NULL, NULL, NULL, 0, NULL, NULL, '2018-01-01 12:20:07', '', 1),
(151, 'Leonardo', '1991-02-22', 'Leonardo Gomes', 'ff403e88937794a88e5cd820d2b6ce21', 'F', 'co', NULL, NULL, 'a.leonardo@live.com', 'a.leonardo@live.com', '', '91 98135-0499', NULL, NULL, NULL, 0, NULL, NULL, '2018-01-12 19:52:56', NULL, 1),
(152, 'Maria Teixeira', '1985-03-09', 'Maria Teixeira', 'c2d884ccf77730222ead40640c5e542d', 'F', 'co', NULL, NULL, 'mdani_sinop@hotmail.com', 'mdani_sinop@hotmail.com', '', '65 98446-1394', NULL, NULL, NULL, 0, NULL, NULL, '2018-02-21 18:07:07', NULL, 1),
(153, 'Paulo Abreu', '1997-05-17', 'Paulo', 'fc6709bfdf0572f183c1a84ce5276e96', 'F', 'co', NULL, NULL, 'paulo.grimes3@gmail.com', 'paulo.grimes3@gmail.com', '', '98500-9358', NULL, NULL, NULL, 0, NULL, NULL, '2018-03-12 18:39:11', NULL, 1),
(154, 'Marcela Teixeira da Silva', '1994-03-02', 'Marcela', '7288d4364696f0da4074a9ca6b2a513f', 'F', 'co', NULL, NULL, 'marcelateixeira2@gmail.com', 'marcelateixeira2@gmail.com', '', '91 98441-4530', NULL, NULL, NULL, 10, NULL, NULL, '2018-03-15 13:45:02', NULL, 1),
(155, 'Lorenzo Cioffi', '2000-09-15', 'Lorenzo Cioffi', '733139e09c1c544c0f45be3733df817e', 'F', 'co', NULL, NULL, 'lorenzo.cioffi@hotmail.com', 'lorenzo.cioffi@hotmail.com', '', '91 98223-9186', NULL, NULL, NULL, 0, NULL, NULL, '2018-03-17 00:14:36', NULL, 1),
(156, 'lopsege', '1998-04-12', 'lopseg', '6eea8a1c42c0c383098f2e7b6f8e4b12', 'F', 'ar', NULL, NULL, 'lopsege@gmail.com', 'lopsege@gmail.com', '', '91 81111-1811', NULL, NULL, NULL, 0, NULL, NULL, '2018-06-06 18:58:35', NULL, 1),
(157, 'ZAP', NULL, 'ZAP', '903a98d709fa4683aaaa036b84c125a6', 'J', 'as', 'ZAP', 'ZAP', 'foo-bar@example.com', 'foo-bar@example.com', 'ZAP', 'ZAP', 'ZAP', NULL, NULL, 0, NULL, NULL, '2018-06-06 19:34:12', NULL, 1),
(158, 'Eliane Ferreira Soares', '1998-06-03', 'LiaSoares', '1cb8d9b459a7f1a208925480b2fd2435', 'F', 'ca', NULL, NULL, 'liasoares412@gmail.com', 'liasoares412@gmail.com', '', '91 98130-5049', NULL, NULL, NULL, 0, NULL, NULL, '2018-06-06 22:55:11', NULL, 1),
(159, 'Tobias Santos', '1994-09-17', 'Tobi', '71de8e3e433eb026b039bc4862d38f91', 'F', 'co', NULL, NULL, 'diegoguttural@gmail.com', 'diegoguttural@gmail.com', '', '91 99231-3959', NULL, NULL, NULL, 0, NULL, NULL, '2018-06-07 23:42:24', NULL, 1),
(160, 'Marcio Macedo', '1973-03-29', 'Marcio Macedo', 'eeff8cdf33421972dde65feba29a541f', 'F', 'co', NULL, NULL, 'mdmacedos@yahoo.com.br', 'mdmacedos@yahoo.com.br', '', '9 18350-8974', NULL, NULL, NULL, 0, NULL, NULL, '2018-06-11 17:32:47', NULL, 1),
(161, 'Cdtt', '2356889', '<script>alert(1);</script>', '81dc9bdb52d04dc20036dbd8313ed055', 'F', 'ar', NULL, NULL, 'emaisl@o.co', 'emaisl@o.co', '', '22 22222-2222', NULL, NULL, NULL, 0, NULL, NULL, '2018-06-17 23:41:15', NULL, 0),
(162, 'Thamires Rodrigues', '1990-10-27', 'thamires.rodrigues', '0c35fa1c591f38b3464db183494c0e6d', 'F', 'co', NULL, NULL, 'thamireseng.ambiental@gmail.com', 'thamireseng.ambiental@gmail.com', '', '91 98010-5990', NULL, NULL, NULL, 0, NULL, NULL, '2018-06-28 12:26:06', NULL, 1),
(163, 'Lilian Grace Moura de Lucena', '1980-09-05', 'Lilian Grace Moura de Lucena', 'c2224449012d5c5e67699ee8f65019ca', 'F', 'co', NULL, NULL, 'lilianprovida@gmail.com', 'lilianmouraluc@gmail.com', '', '21 98411-6760', NULL, NULL, NULL, 0, NULL, NULL, '2018-07-26 20:24:34', NULL, 1),
(164, 'Keven Carrilho', '1995-02-17', 'karrilho', '202cb962ac59075b964b07152d234b70', 'F', 'co', NULL, NULL, 'kc.ufpa@gmail.com', 'kc.ufpa@gmail.com', '', '91 98474-9024', NULL, NULL, NULL, 10, NULL, NULL, '2018-08-03 13:46:22', NULL, 1),
(165, 'Sara', '1994-06-03', 'Mercessara ', '5f3b5222096715ce46e5715e8bbc852f', 'F', 'co', NULL, NULL, 'maru.merces18@gmail.com', 'maru.merces18@gmail.com', '', '91 98464-7523', NULL, NULL, NULL, 0, NULL, NULL, '2018-08-14 20:49:45', NULL, 0),
(166, 'Elenice Costa', '1981-11-14', 'Elenice Costa', '574f0b0a2737041cfe4ba1db88e9ee5e', 'F', 'co', NULL, NULL, 'lenicecsc@yahoo.com.br', 'lenicecsc@yahoo.com.br', '91 9834-6952', '91 98421-2127', NULL, NULL, NULL, 0, NULL, NULL, '2018-08-17 22:53:13', NULL, 0),
(167, 'JoÃ£o Victor Queiroz da Silva', '1998-06-24', 'victorjqueiroz', '02e2c15801b4d289f6742fd8742614ea', 'F', 'co', NULL, NULL, 'victorjqueiroz44@gmail.com', 'victorjqueiroz44@gmail.com', '', '91 98498-0073', NULL, NULL, NULL, 10, NULL, NULL, '2018-08-27 19:16:03', NULL, 1);

-- --------------------------------------------------------

--
-- Estrutura da tabela `usuarios_has_comunidades`
--

DROP TABLE IF EXISTS `usuarios_has_comunidades`;
CREATE TABLE `usuarios_has_comunidades` (
  `usuarios_idUsuario` int(11) NOT NULL,
  `Comunidades_idComunidade` int(11) NOT NULL
) ENGINE=InnoDB DEFAULT CHARSET=utf8;

--
-- Indexes for dumped tables
--

--
-- Indexes for table `atividades`
--
ALTER TABLE `atividades`
  ADD PRIMARY KEY (`idAtividade`);

--
-- Indexes for table `avaliacoes`
--
ALTER TABLE `avaliacoes`
  ADD PRIMARY KEY (`idAvaliacao`);

--
-- Indexes for table `comunidades`
--
ALTER TABLE `comunidades`
  ADD PRIMARY KEY (`idComunidade`);

--
-- Indexes for table `conversa`
--
ALTER TABLE `conversa`
  ADD PRIMARY KEY (`idConversa`);

--
-- Indexes for table `endereco`
--
ALTER TABLE `endereco`
  ADD PRIMARY KEY (`idEndereco`);

--
-- Indexes for table `estatisticas`
--
ALTER TABLE `estatisticas`
  ADD PRIMARY KEY (`idEstado`);

--
-- Indexes for table `mensagens`
--
ALTER TABLE `mensagens`
  ADD PRIMARY KEY (`idMensagem`);

--
-- Indexes for table `mens_contato`
--
ALTER TABLE `mens_contato`
  ADD PRIMARY KEY (`idMensContato`);

--
-- Indexes for table `notificacoes`
--
ALTER TABLE `notificacoes`
  ADD PRIMARY KEY (`idNotificacao`);

--
-- Indexes for table `usuarios`
--
ALTER TABLE `usuarios`
  ADD PRIMARY KEY (`idUsuario`);

--
-- AUTO_INCREMENT for dumped tables
--

--
-- AUTO_INCREMENT for table `atividades`
--
ALTER TABLE `atividades`
  MODIFY `idAtividade` int(11) NOT NULL AUTO_INCREMENT, AUTO_INCREMENT=215;

--
-- AUTO_INCREMENT for table `avaliacoes`
--
ALTER TABLE `avaliacoes`
  MODIFY `idAvaliacao` int(11) NOT NULL AUTO_INCREMENT, AUTO_INCREMENT=2;

--
-- AUTO_INCREMENT for table `comunidades`
--
ALTER TABLE `comunidades`
  MODIFY `idComunidade` int(11) NOT NULL AUTO_INCREMENT;

--
-- AUTO_INCREMENT for table `conversa`
--
ALTER TABLE `conversa`
  MODIFY `idConversa` int(11) NOT NULL AUTO_INCREMENT, AUTO_INCREMENT=87;

--
-- AUTO_INCREMENT for table `endereco`
--
ALTER TABLE `endereco`
  MODIFY `idEndereco` int(11) NOT NULL AUTO_INCREMENT, AUTO_INCREMENT=163;

--
-- AUTO_INCREMENT for table `estatisticas`
--
ALTER TABLE `estatisticas`
  MODIFY `idEstado` int(11) NOT NULL AUTO_INCREMENT, AUTO_INCREMENT=28;

--
-- AUTO_INCREMENT for table `mensagens`
--
ALTER TABLE `mensagens`
  MODIFY `idMensagem` int(11) NOT NULL AUTO_INCREMENT, AUTO_INCREMENT=417;

--
-- AUTO_INCREMENT for table `mens_contato`
--
ALTER TABLE `mens_contato`
  MODIFY `idMensContato` int(11) NOT NULL AUTO_INCREMENT, AUTO_INCREMENT=1576;

--
-- AUTO_INCREMENT for table `notificacoes`
--
ALTER TABLE `notificacoes`
  MODIFY `idNotificacao` int(11) NOT NULL AUTO_INCREMENT, AUTO_INCREMENT=34;

--
-- AUTO_INCREMENT for table `usuarios`
--
ALTER TABLE `usuarios`
  MODIFY `idUsuario` int(10) UNSIGNED NOT NULL AUTO_INCREMENT, AUTO_INCREMENT=168;
COMMIT;

/*!40101 SET CHARACTER_SET_CLIENT=@OLD_CHARACTER_SET_CLIENT */;
/*!40101 SET CHARACTER_SET_RESULTS=@OLD_CHARACTER_SET_RESULTS */;
/*!40101 SET COLLATION_CONNECTION=@OLD_COLLATION_CONNECTION */;
